-- phpMyAdmin SQL Dump
-- version 3.2.4
-- http://www.phpmyadmin.net
--
-- Host: localhost
-- Generation Time: Dec 07, 2010 at 01:26 AM
-- Server version: 5.1.47
-- PHP Version: 5.2.9

SET SQL_MODE="NO_AUTO_VALUE_ON_ZERO";


/*!40101 SET @OLD_CHARACTER_SET_CLIENT=@@CHARACTER_SET_CLIENT */;
/*!40101 SET @OLD_CHARACTER_SET_RESULTS=@@CHARACTER_SET_RESULTS */;
/*!40101 SET @OLD_COLLATION_CONNECTION=@@COLLATION_CONNECTION */;
/*!40101 SET NAMES utf8 */;

--
-- Database: `dressupf_demis`
--

-- --------------------------------------------------------

--
-- Table structure for table `admin`
--

CREATE TABLE IF NOT EXISTS `admin` (
  `ADMIN_ID` int(11) NOT NULL AUTO_INCREMENT,
  `USERNAME` varchar(200) NOT NULL,
  `PASSWORD` varchar(200) NOT NULL,
  `EMAIL` varchar(200) NOT NULL,
  `MOBILE` varchar(200) NOT NULL,
  `STATUS` enum('Y','N') DEFAULT NULL,
  PRIMARY KEY (`ADMIN_ID`)
) ENGINE=MyISAM  DEFAULT CHARSET=latin1 AUTO_INCREMENT=8 ;

--
-- Dumping data for table `admin`
--

INSERT INTO `admin` (`ADMIN_ID`, `USERNAME`, `PASSWORD`, `EMAIL`, `MOBILE`, `STATUS`) VALUES
(1, 'admin', 'admin123', 'senw4@wererew.com', '1234567890', NULL),
(3, 'superadmin', 'superadmin', 'webcam@gmail.com', '8989456566', 'Y'),
(4, 'admin', 'admin123', 'senthil@digient.in', '8745545454', 'Y'),
(5, 'rfwerwerwerwer', 'wer4234werwerwe', 'senthil@dsfdfgfsd.com', '2334343434', 'Y'),
(6, '234234234', '2342343', 'senthil@dsfdfgfsd.com', '2343434343', 'Y'),
(7, 'sdfsdfsd', 'sffd sdfsd', 'wesdsdf@gmail.com', '1232323222', 'Y');

-- --------------------------------------------------------

--
-- Table structure for table `background`
--

CREATE TABLE IF NOT EXISTS `background` (
  `BACKGROUND_ID` int(11) NOT NULL AUTO_INCREMENT,
  `BACKGROUND_PATH` varchar(200) NOT NULL,
  PRIMARY KEY (`BACKGROUND_ID`)
) ENGINE=MyISAM  DEFAULT CHARSET=latin1 AUTO_INCREMENT=21 ;

--
-- Dumping data for table `background`
--


-- --------------------------------------------------------

--
-- Table structure for table `backup`
--

CREATE TABLE IF NOT EXISTS `backup` (
  `BACK_ID` int(11) NOT NULL AUTO_INCREMENT,
  `FILE_NAME` varchar(200) NOT NULL,
  PRIMARY KEY (`BACK_ID`)
) ENGINE=MyISAM  DEFAULT CHARSET=latin1 AUTO_INCREMENT=66 ;

--
-- Dumping data for table `backup`
--

INSERT INTO `backup` (`BACK_ID`, `FILE_NAME`) VALUES
(6, 'sql_snow_Nov_23_2010_12.sql'),
(62, 'sql_dressupf_demis_Dec_03_2010_38.sql'),
(7, 'sql_snow_Nov_23_2010_20.sql'),
(63, 'sql_dressupf_demis_Dec_03_2010_40.sql'),
(64, 'sql_dressupf_demis_Dec_03_2010_53.sql'),
(65, 'sql_dressupf_demis_Dec_03_2010_03.sql');

-- --------------------------------------------------------

--
-- Table structure for table `config`
--

CREATE TABLE IF NOT EXISTS `config` (
  `CONFIG_ID` int(11) NOT NULL AUTO_INCREMENT,
  `APPLICATION_NAME` varchar(300) NOT NULL,
  `LEVEL_TIME` double NOT NULL,
  `NONCAM_BG_PATH` int(11) NOT NULL,
  `MUSIC_PATH` varchar(300) NOT NULL,
  PRIMARY KEY (`CONFIG_ID`)
) ENGINE=MyISAM  DEFAULT CHARSET=latin1 AUTO_INCREMENT=16 ;

--
-- Dumping data for table `config`
--


-- --------------------------------------------------------

--
-- Table structure for table `fallingpath`
--

CREATE TABLE IF NOT EXISTS `fallingpath` (
  `FALLINGPATH_ID` int(11) NOT NULL AUTO_INCREMENT,
  `DEGREE` double NOT NULL,
  `OCCURRENCE` double NOT NULL,
  PRIMARY KEY (`FALLINGPATH_ID`)
) ENGINE=MyISAM  DEFAULT CHARSET=latin1 AUTO_INCREMENT=35 ;

--
-- Dumping data for table `fallingpath`
--

INSERT INTO `fallingpath` (`FALLINGPATH_ID`, `DEGREE`, `OCCURRENCE`) VALUES
(1, 260, 25),
(5, 270, 50),
(34, 280, 25);

-- --------------------------------------------------------

--
-- Table structure for table `game`
--

CREATE TABLE IF NOT EXISTS `game` (
  `GAME_ID` int(11) NOT NULL AUTO_INCREMENT,
  `USER_ID` int(11) NOT NULL,
  `SCORE` varchar(200) NOT NULL,
  `FLAKES` varchar(200) NOT NULL,
  `TOTAL_SECS` int(11) NOT NULL,
  `LEVEL_ID` int(11) NOT NULL,
  `GAME_DATE` datetime NOT NULL,
  `TYPE_GAME` varchar(200) NOT NULL,
  `PIC_PATH` varchar(200) NOT NULL,
  PRIMARY KEY (`GAME_ID`)
) ENGINE=MyISAM  DEFAULT CHARSET=latin1 AUTO_INCREMENT=133 ;

--
-- Dumping data for table `game`
--

INSERT INTO `game` (`GAME_ID`, `USER_ID`, `SCORE`, `FLAKES`, `TOTAL_SECS`, `LEVEL_ID`, `GAME_DATE`, `TYPE_GAME`, `PIC_PATH`) VALUES
(1, 29, '3', '3', 0, 1, '2010-12-02 15:39:06', '', ''),
(2, 29, '15', '15', 0, 2, '2010-12-02 15:39:11', '', ''),
(3, 29, '15', '15', 0, 3, '2010-12-02 15:39:17', '', ''),
(4, 29, '15', '15', 0, 4, '2010-12-02 15:39:21', '', ''),
(5, 29, '15', '15', 0, 5, '2010-12-02 15:39:23', '', ''),
(6, 29, '15', '15', 0, 6, '2010-12-02 15:39:29', '', ''),
(7, 29, '15', '15', 0, 7, '2010-12-02 15:39:32', '', ''),
(8, 29, '15', '15', 0, 8, '2010-12-02 15:39:33', '', ''),
(9, 29, '15', '13', 0, 9, '2010-12-02 15:39:36', '', ''),
(10, 29, '15', '14', 0, 10, '2010-12-02 15:39:58', '', ''),
(12, 6, '1', '1', 0, 1, '2010-12-02 17:54:07', '', ''),
(13, 6, '5', '5', 0, 2, '2010-12-02 17:54:30', '', ''),
(14, 6, '5', '5', 0, 3, '2010-12-02 17:54:33', '', ''),
(15, 6, '5', '5', 0, 4, '2010-12-02 17:54:39', '', ''),
(16, 6, '5', '5', 0, 5, '2010-12-02 17:54:52', '', ''),
(17, 6, '5', '5', 0, 6, '2010-12-02 17:54:54', '', ''),
(18, 6, '5', '4', 0, 7, '2010-12-02 17:54:54', '', ''),
(19, 6, '5', '5', 0, 8, '2010-12-02 17:54:57', '', ''),
(20, 6, '5', '5', 0, 9, '2010-12-02 17:55:03', '', ''),
(21, 6, '5', '5', 0, 10, '2010-12-02 17:55:13', '', ''),
(22, 29, '1', '', 0, 1, '2010-12-02 18:30:29', '', ''),
(23, 29, '5', '', 0, 2, '2010-12-02 18:30:36', '', ''),
(24, 29, '5', '', 0, 3, '2010-12-02 18:30:42', '', ''),
(25, 29, '5', '', 0, 4, '2010-12-02 18:30:46', '', ''),
(26, 29, '5', '', 0, 5, '2010-12-02 18:30:49', '', ''),
(27, 29, '5', '', 0, 6, '2010-12-02 18:30:51', '', ''),
(28, 29, '5', '', 0, 7, '2010-12-02 18:30:52', '', ''),
(29, 29, '5', '', 0, 8, '2010-12-02 18:30:55', '', ''),
(30, 29, '5', '', 0, 9, '2010-12-02 18:30:57', '', ''),
(31, 29, '5', '', 0, 10, '2010-12-02 18:31:00', '', ''),
(32, 54, '2', '2', 0, 1, '2010-12-03 09:49:10', '', ''),
(33, 54, '2', '2', 0, 2, '2010-12-03 09:49:13', '', ''),
(34, 54, '2', '2', 0, 3, '2010-12-03 09:49:17', '', ''),
(35, 54, '2', '2', 0, 4, '2010-12-03 09:49:20', '', ''),
(36, 54, '2', '2', 0, 5, '2010-12-03 09:49:20', '', ''),
(37, 54, '2', '2', 0, 6, '2010-12-03 09:49:22', '', ''),
(38, 54, '2', '2', 0, 7, '2010-12-03 09:49:23', '', ''),
(39, 54, '2', '2', 0, 8, '2010-12-03 09:49:23', '', ''),
(40, 54, '2', '2', 0, 9, '2010-12-03 09:49:24', '', ''),
(41, 54, '2', '2', 0, 10, '2010-12-03 09:49:26', '', ''),
(42, 50, '10', '10', 0, 1, '2010-12-03 13:03:00', '', ''),
(43, 50, '10', '10', 0, 2, '2010-12-03 13:03:02', '', ''),
(44, 50, '10', '10', 0, 3, '2010-12-03 13:03:02', '', ''),
(45, 50, '10', '10', 0, 4, '2010-12-03 13:03:05', '', ''),
(46, 50, '10', '10', 0, 5, '2010-12-03 13:03:06', '', ''),
(47, 50, '10', '10', 0, 6, '2010-12-03 13:03:06', '', ''),
(48, 50, '10', '11', 0, 7, '2010-12-03 13:03:06', '', ''),
(49, 50, '10', '10', 0, 8, '2010-12-03 13:03:11', '', ''),
(50, 50, '10', '10', 0, 9, '2010-12-03 13:03:12', '', ''),
(51, 50, '10', '10', 0, 10, '2010-12-03 13:03:22', '', ''),
(52, 57, '5', '5', 0, 1, '2010-12-03 00:10:14', '', ''),
(53, 57, '5', '5', 0, 2, '2010-12-03 00:10:18', '', ''),
(54, 57, '5', '5', 0, 3, '2010-12-03 00:10:20', '', ''),
(55, 57, '5', '5', 0, 4, '2010-12-03 00:10:21', '', ''),
(56, 57, '5', '5', 0, 5, '2010-12-03 00:10:21', '', ''),
(57, 57, '5', '5', 0, 6, '2010-12-03 00:10:22', '', ''),
(58, 57, '5', '5', 0, 7, '2010-12-03 00:10:23', '', ''),
(59, 57, '5', '5', 0, 8, '2010-12-03 00:10:25', '', ''),
(60, 57, '5', '5', 0, 9, '2010-12-03 00:10:26', '', ''),
(61, 57, '5', '5', 0, 10, '2010-12-03 00:11:08', '', ''),
(62, 0, '1', '1', 0, 10, '2010-12-04 08:30:17', '', 'hello.jpg'),
(63, 0, '1', '4', 0, 10, '2010-12-04 09:07:02', '', 'hello.png'),
(64, 0, '1', '1', 0, 10, '2010-12-04 09:30:26', '', 'hello.png'),
(65, 0, '1', '4', 0, 10, '2010-12-04 19:38:55', '', 'hello.png'),
(66, 0, '1', '1', 0, 10, '2010-12-04 20:42:43', '', 'hello.png'),
(67, 0, '1', '1', 0, 10, '2010-12-04 20:45:03', '', 'hello.png'),
(68, 0, '1', '1', 0, 10, '2010-12-04 20:56:55', '', 'hello.png'),
(69, 0, '', '', 0, 0, '2010-12-04 20:57:32', '', 'hello.png'),
(70, 0, '1', '1', 0, 10, '2010-12-04 21:04:27', '', 'hello.png'),
(71, 0, '1', '13', 0, 10, '2010-12-04 21:06:58', '', 'hello.png'),
(72, 0, '1', '13', 0, 10, '2010-12-04 21:10:23', '', 'hello.png'),
(73, 0, '1', '9', 0, 10, '2010-12-04 21:15:57', '', 'hello.png'),
(74, 0, '1', '3', 0, 10, '2010-12-04 21:21:04', '', 'hello.png'),
(75, 0, '1', '1', 0, 10, '2010-12-04 21:26:17', '', 'hello.png'),
(76, 0, '1', '22', 0, 10, '2010-12-04 21:30:49', '', 'hello.png'),
(77, 0, '1', '2', 0, 10, '2010-12-04 21:35:44', '', 'hello.png'),
(78, 0, '1', '2', 0, 10, '2010-12-04 21:38:09', '', 'hello.png'),
(79, 0, '1', '3', 0, 10, '2010-12-04 21:40:18', '', 'hello.png'),
(80, 0, '1', '4', 0, 10, '2010-12-04 21:49:20', '', 'hello.png'),
(81, 0, '1', '1', 0, 10, '2010-12-04 21:56:53', '', 'hello.png'),
(82, 0, '1', '1', 0, 10, '2010-12-04 22:45:09', '', 'hello.png'),
(83, 0, '1', '16', 0, 10, '2010-12-04 22:46:57', '', 'hello.png'),
(84, 0, '1', '2', 0, 10, '2010-12-04 22:49:09', '', 'hello.png'),
(85, 0, '1', '1', 0, 10, '2010-12-04 22:51:35', '', 'hello.png'),
(86, 0, '1', '1', 0, 10, '2010-12-04 22:53:29', '', 'hello.png'),
(87, 0, '1', '2', 0, 10, '2010-12-04 22:56:25', '', 'hello.png'),
(88, 0, '1', '1', 0, 10, '2010-12-04 23:53:27', '', 'hello.png'),
(89, 0, '1', '5', 0, 10, '2010-12-04 23:57:14', '', 'hello.png'),
(90, 0, '1', '2', 0, 10, '2010-12-05 00:03:54', '', 'hello.png'),
(91, 0, '1', '9', 0, 10, '2010-12-05 00:08:17', '', 'hello.png'),
(92, 0, '1', '2', 0, 10, '2010-12-05 00:17:28', '', 'hello.png'),
(93, 0, '1', '1', 0, 10, '2010-12-05 00:23:24', '', 'hello.png'),
(94, 0, '1', '2', 0, 10, '2010-12-05 00:42:42', '', 'hello.png'),
(95, 0, '1', '1', 0, 10, '2010-12-05 00:51:59', '', 'hello.png'),
(96, 0, '1', '1', 0, 10, '2010-12-05 00:54:36', '', 'hello.png'),
(97, 0, '1', '11', 0, 10, '2010-12-05 00:57:14', '', 'hello.png'),
(98, 0, '1', '2', 0, 10, '2010-12-05 01:01:44', '', 'hello.png'),
(99, 0, '1', '1', 0, 10, '2010-12-05 01:05:07', '', 'hello.png'),
(100, 0, '1', '2', 0, 10, '2010-12-05 01:14:43', '', 'hello.png'),
(101, 0, '1', '1', 0, 10, '2010-12-05 01:17:52', '', 'hello.png'),
(102, 0, '1', '1', 0, 10, '2010-12-05 01:21:48', '', 'hello.png'),
(103, 0, '1', '1', 0, 10, '2010-12-05 01:29:51', '', 'hello.png'),
(104, 0, '1', '2', 0, 10, '2010-12-05 01:33:54', '', 'hello.png'),
(105, 0, '1', '18', 0, 10, '2010-12-05 01:39:21', '', 'hello.png'),
(106, 0, '1', '2', 0, 10, '2010-12-05 01:43:51', '', 'hello.png'),
(107, 0, '1', '18', 0, 10, '2010-12-05 01:56:00', '', 'hello.png'),
(108, 0, '1', '10', 0, 10, '2010-12-05 02:04:34', '', 'hello.png'),
(109, 0, '1', '11', 0, 10, '2010-12-05 02:23:09', '', 'hello.png'),
(110, 0, '1', '1', 0, 10, '2010-12-05 02:50:54', '', 'hello.png'),
(111, 0, '1', '2', 0, 10, '2010-12-05 03:19:01', '', 'hello.png'),
(112, 0, '1', '1', 0, 10, '2010-12-05 03:28:41', '', 'hello.png'),
(113, 0, '1', '1', 0, 10, '2010-12-05 03:31:28', '', 'hello.png'),
(114, 0, '1', '1', 0, 10, '2010-12-05 03:35:40', '', 'hello.png'),
(115, 0, '1', '11', 0, 10, '2010-12-05 03:45:47', '', 'hello.png'),
(116, 0, '1', '1', 0, 10, '2010-12-05 03:54:52', '', 'hello.png'),
(117, 0, '1', '1', 0, 10, '2010-12-05 03:55:54', '', 'hello.png'),
(118, 0, '1', '1', 0, 10, '2010-12-05 03:57:31', '', 'hello.png'),
(119, 0, '1', '4', 0, 10, '2010-12-05 04:01:49', '', 'hello.png'),
(120, 0, '1', '18', 0, 10, '2010-12-05 04:03:11', '', 'hello.png'),
(121, 0, '1', '1', 0, 10, '2010-12-05 04:04:05', '', 'hello.png'),
(122, 0, '1', '5', 0, 10, '2010-12-05 04:04:57', '', 'hello.png'),
(123, 0, '1', '1', 0, 10, '2010-12-05 04:05:46', '', 'hello.png'),
(124, 0, '1', '1', 0, 10, '2010-12-05 04:10:16', '', 'hello.png'),
(125, 0, '1', '1', 0, 10, '2010-12-05 04:11:31', '', 'hello.png'),
(126, 0, '1', '1', 0, 10, '2010-12-05 04:13:30', '', 'hello.png'),
(127, 0, '1', '5', 0, 10, '2010-12-05 04:16:28', '', 'hello.png'),
(128, 0, '1', '1', 0, 10, '2010-12-05 04:19:12', '', 'hello.png'),
(129, 0, '1', '1', 0, 10, '2010-12-05 06:23:16', '', 'hello.png'),
(130, 0, '1', '4', 0, 10, '2010-12-05 23:54:04', '', 'hello.png'),
(131, 0, '1', '2', 0, 10, '2010-12-06 04:06:24', '', 'hello.png'),
(132, 0, '1', '1', 0, 10, '2010-12-07 00:51:55', '', 'hello.png');

-- --------------------------------------------------------

--
-- Table structure for table `level`
--

CREATE TABLE IF NOT EXISTS `level` (
  `LEV_ID` int(11) NOT NULL AUTO_INCREMENT,
  `LEVEL_ID` varchar(200) NOT NULL,
  `LEVEL_DESC` varchar(300) NOT NULL,
  `POINTS_BEAT` double NOT NULL,
  `SNOW_FREQUENCY` double NOT NULL,
  `SNOW_MAXSPEED` double NOT NULL,
  `NICKNAME` varchar(300) NOT NULL,
  PRIMARY KEY (`LEV_ID`)
) ENGINE=MyISAM  DEFAULT CHARSET=latin1 AUTO_INCREMENT=14 ;

--
-- Dumping data for table `level`
--

INSERT INTO `level` (`LEV_ID`, `LEVEL_ID`, `LEVEL_DESC`, `POINTS_BEAT`, `SNOW_FREQUENCY`, `SNOW_MAXSPEED`, `NICKNAME`) VALUES
(1, '1', 'this is level1', 1, 2, 2, 'Nick1'),
(2, '2', 'this is level 2', 1, 2, 1.3, 'Nick2'),
(3, '3', 'this is level3', 1, 3, 1.6, 'Nick3'),
(4, '4', 'this is level 4', 1, 4, 1.9, 'Nick4'),
(12, '5', 'this is level5', 1, 5, 2.2, 'Nick5'),
(6, '6', 'this is level 6', 1, 6, 2.5, 'Nick6'),
(7, '7', 'this is level 7', 1, 7, 2.8, 'Nick7'),
(8, '8', 'this is level 8', 1, 8, 3.1, 'Nick8'),
(9, '9', 'this is level 9', 1, 9, 3.4, 'Nick9'),
(13, '10', 'this is level 10', 1, 10, 3.7, 'Nick10'),
(11, '11', 'Winning the games', 0, 0, 0, 'NickW');

-- --------------------------------------------------------

--
-- Table structure for table `level_snowflake`
--

CREATE TABLE IF NOT EXISTS `level_snowflake` (
  `LEVEL_SF_ID` int(11) NOT NULL AUTO_INCREMENT,
  `SNOWFLAKE_ID` varchar(200) NOT NULL,
  `LEVEL_ID` int(11) NOT NULL,
  `OCCURRENCE` varchar(200) NOT NULL,
  PRIMARY KEY (`LEVEL_SF_ID`)
) ENGINE=MyISAM  DEFAULT CHARSET=latin1 AUTO_INCREMENT=33 ;

--
-- Dumping data for table `level_snowflake`
--

INSERT INTO `level_snowflake` (`LEVEL_SF_ID`, `SNOWFLAKE_ID`, `LEVEL_ID`, `OCCURRENCE`) VALUES
(4, '1,2,3', 3, '92,8,0'),
(6, '1,2,3', 4, '88,10,2'),
(9, '1,2,3', 1, '100,0,0'),
(16, '1,2,3', 5, '84,12,4'),
(19, '1,2,3', 6, '80,14,6'),
(22, '1,2,3', 7, '76,16,8'),
(23, '1,2,3', 8, '72,18,10'),
(27, '1,2,3', 9, '68,20,12'),
(29, '1,2,3', 10, '64,22,14'),
(32, '1,2,3', 2, '96,4,0');

-- --------------------------------------------------------

--
-- Table structure for table `message`
--

CREATE TABLE IF NOT EXISTS `message` (
  `MESSAGE_ID` int(11) NOT NULL,
  `MESSAGE` varchar(200) NOT NULL
) ENGINE=MyISAM DEFAULT CHARSET=latin1;

--
-- Dumping data for table `message`
--

INSERT INTO `message` (`MESSAGE_ID`, `MESSAGE`) VALUES
(0, 'Thank You for Participating in the Snowflakes game.');

-- --------------------------------------------------------

--
-- Table structure for table `snowflake`
--

CREATE TABLE IF NOT EXISTS `snowflake` (
  `SNOWFLAKE_ID` int(11) NOT NULL AUTO_INCREMENT,
  `SNOWFLAKE_DESC` varchar(300) NOT NULL,
  `IMAGE_PATH` varchar(300) NOT NULL,
  `COLOR` varchar(300) NOT NULL,
  `POINTS` varchar(200) NOT NULL,
  `SOUND_PATH` varchar(300) NOT NULL,
  PRIMARY KEY (`SNOWFLAKE_ID`)
) ENGINE=MyISAM  DEFAULT CHARSET=latin1 AUTO_INCREMENT=34 ;

--
-- Dumping data for table `snowflake`
--

INSERT INTO `snowflake` (`SNOWFLAKE_ID`, `SNOWFLAKE_DESC`, `IMAGE_PATH`, `COLOR`, `POINTS`, `SOUND_PATH`) VALUES
(3, 'Top snowflake', '18321Sunset.jpg', '#36FF43', '+5', 'd8f42top_duplicate.mp3'),
(33, 'Standard snowflake', 'c6035Sunset.jpg', '#FFFF2E', '+1', '82b14standard.mp3');

-- --------------------------------------------------------

--
-- Table structure for table `stats`
--

CREATE TABLE IF NOT EXISTS `stats` (
  `STATS_ID` int(11) NOT NULL AUTO_INCREMENT,
  `TOTAL_SCORE` double NOT NULL,
  `TOTAL_PLAYS` int(11) NOT NULL,
  `TOTAL_USERS` int(11) NOT NULL,
  `BEST_PLAYER_ID` int(11) NOT NULL,
  PRIMARY KEY (`STATS_ID`)
) ENGINE=MyISAM  DEFAULT CHARSET=latin1 AUTO_INCREMENT=96 ;

--
-- Dumping data for table `stats`
--

INSERT INTO `stats` (`STATS_ID`, `TOTAL_SCORE`, `TOTAL_PLAYS`, `TOTAL_USERS`, `BEST_PLAYER_ID`) VALUES
(40, 227, 1, 9, 29),
(39, 227, 1, 9, 29),
(38, 227, 1, 9, 29),
(37, 227, 1, 9, 29),
(36, 227, 1, 9, 29),
(35, 227, 1, 9, 29),
(34, 227, 1, 9, 29),
(33, 227, 1, 9, 29),
(32, 227, 1, 9, 29),
(31, 227, 1, 9, 29),
(30, 227, 1, 9, 29),
(29, 227, 10, 9, 29),
(28, 227, 10, 9, 29),
(27, 227, 10, 9, 29),
(26, 227, 10, 9, 29),
(25, 181, 10, 9, 29),
(24, 181, 10, 9, 29),
(23, 181, 10, 9, 29),
(22, 89, 10, 9, 1),
(20, 89, 0, 9, 1),
(21, 89, 50, 9, 1),
(41, 227, 1, 9, 29),
(42, 227, 1, 9, 29),
(43, 227, 1, 9, 29),
(44, 227, 1, 9, 29),
(45, 227, 1, 9, 29),
(46, 227, 1, 9, 29),
(47, 227, 1, 9, 29),
(48, 227, 1, 9, 29),
(49, 227, 1, 9, 29),
(50, 227, 1, 9, 29),
(51, 227, 1, 9, 29),
(52, 227, 1, 9, 29),
(53, 227, 1, 9, 29),
(54, 227, 1, 9, 29),
(55, 227, 1, 9, 29),
(56, 227, 1, 9, 29),
(57, 227, 1, 10, 29),
(58, 227, 1, 10, 29),
(59, 227, 1, 10, 29),
(60, 227, 1, 10, 29),
(61, 227, 1, 10, 29),
(62, 227, 1, 10, 29),
(63, 227, 1, 10, 29),
(64, 273, 1, 10, 29),
(65, 273, 1, 10, 29),
(66, 273, 1, 10, 29),
(67, 273, 1, 10, 29),
(68, 283, 1, 10, 29),
(69, 283, 1, 10, 29),
(70, 283, 1, 10, 29),
(71, 283, 1, 10, 29),
(72, 293, 1, 10, 29),
(73, 303, 1, 11, 29),
(74, 313, 1, 11, 29),
(75, 323, 1, 11, 29),
(76, 333, 1, 11, 29),
(77, 333, 1, 11, 29),
(78, 333, 1, 11, 29),
(79, 333, 1, 11, 29),
(80, 343, 1, 11, 29),
(81, 343, 1, 11, 29),
(82, 353, 1, 11, 29),
(83, 353, 1, 11, 29),
(84, 363, 1, 11, 29),
(85, 373, 1, 11, 29),
(86, 383, 1, 11, 29),
(87, 393, 1, 11, 29),
(88, 393, 1, 11, 29),
(89, 403, 1, 11, 29),
(90, 413, 1, 11, 29),
(91, 423, 1, 11, 29),
(92, 433, 1, 11, 29),
(93, 443, 1, 11, 29),
(94, 443, 1, 11, 29),
(95, 443, 1, 12, 29);

-- --------------------------------------------------------

--
-- Table structure for table `user`
--

CREATE TABLE IF NOT EXISTS `user` (
  `USER_ID` int(11) NOT NULL AUTO_INCREMENT,
  `FIRSTNAME` varchar(300) NOT NULL,
  `LASTNAME` varchar(300) NOT NULL,
  `USERNAME` varchar(200) NOT NULL,
  `PASSWORD` varchar(200) NOT NULL,
  `FACEBOOK_ID` varchar(300) NOT NULL,
  `TWITTER_ID` varchar(300) NOT NULL,
  `EMAIL` varchar(300) NOT NULL,
  `GENDER` varchar(300) NOT NULL,
  `USER_IMAGE` varchar(200) NOT NULL,
  `REGISTERED_DATE` datetime NOT NULL,
  `LASTPLAYED_DATE` varchar(200) DEFAULT NULL,
  `BEST_PLAYED_DATE` varchar(200) NOT NULL,
  `SCORE` varchar(200) NOT NULL,
  `FLAKES` varchar(200) NOT NULL,
  `LASTPLAYED_TYPE` varchar(300) NOT NULL,
  `LEVEL_ID` int(11) NOT NULL,
  `STATUS` int(12) NOT NULL,
  `LAST_LOGIN_DATE_TIME` varchar(200) NOT NULL,
  PRIMARY KEY (`USER_ID`)
) ENGINE=MyISAM  DEFAULT CHARSET=latin1 AUTO_INCREMENT=59 ;

--
-- Dumping data for table `user`
--

INSERT INTO `user` (`USER_ID`, `FIRSTNAME`, `LASTNAME`, `USERNAME`, `PASSWORD`, `FACEBOOK_ID`, `TWITTER_ID`, `EMAIL`, `GENDER`, `USER_IMAGE`, `REGISTERED_DATE`, `LASTPLAYED_DATE`, `BEST_PLAYED_DATE`, `SCORE`, `FLAKES`, `LASTPLAYED_TYPE`, `LEVEL_ID`, `STATUS`, `LAST_LOGIN_DATE_TIME`) VALUES
(1, 'senthil1', 'kumar1', 'senthil1', 'harihar', '', '', 'senthilsang24@gmail.com', 'Female', 'abc123.jpg', '2010-11-02 17:43:55', '2010-12-02 09:06:52', '2010-11-24 20:37:55', '45', '45', 'nonwebcam', 10, 1, '2010-11-26 18:32:28'),
(29, 'Senthil', 'Kumar', 'Senthil Kumar', '', '100000966868279', '', 'senthil_sang24@yahoo.co.in', 'male', 'http://profile.ak.fbcdn.net/hprofile-ak-snc4/hs843.snc4/70522_100000966868279_6747261_n.jpg', '2010-11-30 08:17:25', '2010-12-02 18:35:40', '', '184', '135', '', 10, 1, '2010-12-02 18:55:10'),
(28, 'Thiru', 'Murugan', 'Thiru Murugan', '', '100001549532899', '', 'srthirumurugan@gmail.com', 'male', 'http://profile.ak.fbcdn.net/hprofile-ak-snc4/hs713.ash1/161180_100001549532899_8165444_n.jpg', '2010-11-30 00:15:01', NULL, '', '0', '', '', 0, 1, '2010-12-02 01:48:30'),
(30, 'Ranjith', 'Kv', 'Ranjith Kv', '', '100000893106430', '', 'kv.ranjith07@gmail.com', 'male', 'http://profile.ak.fbcdn.net/hprofile-ak-snc4/hs224.ash2/48986_100000893106430_5969_n.jpg', '2010-11-30 21:35:40', NULL, '', '0', '', '', 0, 1, '2010-12-02 01:44:05'),
(57, 'sersdfasdfsd', 'sersdfasdfsd', 'sersdfasdfsd', 'sersdfasdfsd', '', '', 'senthil_sang24@yahoo.co.in', 'Female', '940ffinformacion.png', '2010-12-02 19:29:48', '2010-12-03 00:11:08', '', '50', '50', '', 10, 1, ''),
(50, 'Gonzalo', 'Ramirez Ramos', 'Gonzalo Ramirez Ramos', '', '688538937', '', 'elbuenchalo@gmail.com', 'male', 'http://profile.ak.fbcdn.net/hprofile-ak-snc4/hs236.ash2/49950_688538937_4142729_n.jpg', '2010-12-01 15:59:43', '2010-12-03 13:03:22', '', '100', '101', '', 10, 1, '2010-12-03 10:42:13'),
(51, 'Karthi', 'Keyan', 'Karthi Keyan', '', '100001271829122', '', 'skarthikdeepam@gmail.com', 'male', 'http://profile.ak.fbcdn.net/hprofile-ak-snc4/hs333.snc4/41669_100001271829122_678_n.jpg', '2010-12-01 23:36:30', NULL, '', '', '', '', 0, 1, '2010-12-02 02:30:29'),
(56, 'senthil1', 'senthil1', 'senthil2', 'harihar', '', '', 'senthil_sang24@uyahoo.co.in', 'Male', 'cea3ftwitter.png', '2010-12-02 17:57:10', '2010-12-02 17:57:10', '', '', '', '', 10, 1, ''),
(53, 'hari', 'gopalakrishnan', 'harig', 'podagunda', '', '', 'hari@digient.in', 'Male', 'fdc63P1010014.JPG', '2010-12-02 10:24:46', NULL, '', '', '', '', 0, 1, ''),
(54, 'Hari', 'Gopalakrishnan', 'Hari Gopalakrishnan', '', '100000485250711', '', 'haricolababa@gmail.com', 'male', 'http://profile.ak.fbcdn.net/hprofile-ak-snc4/hs444.snc4/48985_100000485250711_6316_n.jpg', '2010-12-02 10:26:26', '2010-12-03 09:49:26', '', '20', '20', '', 10, 1, '2010-12-03 09:49:43'),
(55, 'hari', 'gopalakrishnan', 'harigopalakrishnan', 'podagunda', '', '', 'hari@digient.in', 'Male', 'ea745P1010009.JPG', '2010-12-02 10:33:31', '2010-12-02 10:34:37', '', '44', '46', '', 10, 1, ''),
(58, 'firstname', 'lastname', 'username', 'password', '', '', 'email', 'gender', 'c84ed', '2010-12-05 21:26:56', NULL, '', '', '', '', 0, 1, '');

-- --------------------------------------------------------

--
-- Table structure for table `user_friend_fb`
--

CREATE TABLE IF NOT EXISTS `user_friend_fb` (
  `USER_FB_ID` int(11) NOT NULL AUTO_INCREMENT,
  `USER_ID` varchar(200) NOT NULL,
  `USER_FR_FB_ID` varchar(200) NOT NULL,
  PRIMARY KEY (`USER_FB_ID`)
) ENGINE=MyISAM  DEFAULT CHARSET=latin1 AUTO_INCREMENT=1732 ;

--
-- Dumping data for table `user_friend_fb`
--

INSERT INTO `user_friend_fb` (`USER_FB_ID`, `USER_ID`, `USER_FR_FB_ID`) VALUES
(1, '100000966868149', '100000966868279'),
(2, '100000966868149', '100000092075718'),
(3, '100000966868149', '100000134742695'),
(4, '100000966868149', '100000966868263'),
(5, '100000966868149', '100000966868541'),
(6, '100000966868149', '100000966868210'),
(7, '100000966868149', '100000966868356'),
(8, '100000966868149', '100000966868512'),
(9, '100000966868149', '100000966868688'),
(10, '100000966868149', '100000966868964'),
(11, '100000966868149', '100000966868578'),
(12, '100000966868279', '100001770603270'),
(13, '100001549532899', '552124726'),
(14, '100001549532899', '577755375'),
(15, '100001549532899', '592484094'),
(16, '100001549532899', '594369951'),
(17, '100001549532899', '599977461'),
(18, '100001549532899', '604592357'),
(19, '100001549532899', '608508306'),
(20, '100001549532899', '622898668'),
(21, '100001549532899', '647332845'),
(22, '100001549532899', '659745878'),
(23, '100001549532899', '672893267'),
(24, '100001549532899', '707620075'),
(25, '100001549532899', '741480675'),
(26, '100001549532899', '749873329'),
(27, '100001549532899', '787066254'),
(28, '100001549532899', '813227936'),
(29, '100001549532899', '816003463'),
(30, '100001549532899', '816632479'),
(31, '100001549532899', '1009829571'),
(32, '100001549532899', '1035736984'),
(33, '100001549532899', '1066036605'),
(34, '100001549532899', '1078192559'),
(35, '100001549532899', '1093900953'),
(36, '100001549532899', '1173163857'),
(37, '100001549532899', '1209470676'),
(38, '100001549532899', '1222401000'),
(39, '100001549532899', '1228278098'),
(40, '100001549532899', '1305987261'),
(41, '100001549532899', '1345462034'),
(42, '100001549532899', '1348941972'),
(43, '100001549532899', '1355511804'),
(44, '100001549532899', '1361901729'),
(45, '100001549532899', '1367732007'),
(46, '100001549532899', '1378881768'),
(47, '100001549532899', '1386261916'),
(48, '100001549532899', '1430483883'),
(49, '100001549532899', '1447886331'),
(50, '100001549532899', '1477910235'),
(51, '100001549532899', '1478900123'),
(52, '100001549532899', '1488110225'),
(53, '100001549532899', '1498956646'),
(54, '100001549532899', '1512451737'),
(55, '100001549532899', '1600564595'),
(56, '100001549532899', '1621637789'),
(57, '100001549532899', '1621770814'),
(58, '100001549532899', '1663691319'),
(59, '100001549532899', '1690969150'),
(60, '100001549532899', '1810716725'),
(61, '100001549532899', '1823976789'),
(62, '100001549532899', '1844365542'),
(63, '100001549532899', '100000045183575'),
(64, '100001549532899', '100000066284117'),
(65, '100001549532899', '100000118257608'),
(66, '100001549532899', '100000173154706'),
(67, '100001549532899', '100000187251175'),
(68, '100001549532899', '100000221896637'),
(69, '100001549532899', '100000299512335'),
(70, '100001549532899', '100000322272189'),
(71, '100001549532899', '100000409453694'),
(72, '100001549532899', '100000422627788'),
(73, '100001549532899', '100000424474907'),
(74, '100001549532899', '100000496760348'),
(75, '100001549532899', '100000497798052'),
(76, '100001549532899', '100000571874558'),
(77, '100001549532899', '100000599974580'),
(78, '100001549532899', '100000635767171'),
(79, '100001549532899', '100000643890562'),
(80, '100001549532899', '100000678002436'),
(81, '100001549532899', '100000681710210'),
(82, '100001549532899', '100000684850441'),
(83, '100001549532899', '100000771261843'),
(84, '100001549532899', '100000824478967'),
(85, '100001549532899', '100000893106430'),
(86, '100001549532899', '100000893441386'),
(87, '100001549532899', '100001056352675'),
(88, '100001549532899', '100001070179664'),
(89, '100001549532899', '100001093828227'),
(90, '100001549532899', '100001269505329'),
(91, '100001549532899', '100001304903460'),
(92, '100001549532899', '100001347086056'),
(93, '100001549532899', '100001451223741'),
(94, '100001549532899', '100001476420512'),
(95, '100001549532899', '100001573084301'),
(96, '100001549532899', '100001890698296'),
(97, '100000893106430', '551137466'),
(98, '100000893106430', '597363555'),
(99, '100000893106430', '602525808'),
(100, '100000893106430', '625994712'),
(101, '100000893106430', '634078551'),
(102, '100000893106430', '646024526'),
(103, '100000893106430', '646723197'),
(104, '100000893106430', '648382890'),
(105, '100000893106430', '665031319'),
(106, '100000893106430', '683663578'),
(107, '100000893106430', '684676373'),
(108, '100000893106430', '685812351'),
(109, '100000893106430', '699710843'),
(110, '100000893106430', '706259156'),
(111, '100000893106430', '708694204'),
(112, '100000893106430', '710200546'),
(113, '100000893106430', '752467903'),
(114, '100000893106430', '764573562'),
(115, '100000893106430', '768272639'),
(116, '100000893106430', '770588973'),
(117, '100000893106430', '786877450'),
(118, '100000893106430', '787798443'),
(119, '100000893106430', '1045487749'),
(120, '100000893106430', '1158274953'),
(121, '100000893106430', '1162484731'),
(122, '100000893106430', '1273873178'),
(123, '100000893106430', '1340798435'),
(124, '100000893106430', '1354012047'),
(125, '100000893106430', '1356738536'),
(126, '100000893106430', '1371905266'),
(127, '100000893106430', '1542558512'),
(128, '100000893106430', '1562208073'),
(129, '100000893106430', '1633279109'),
(130, '100000893106430', '1653622558'),
(131, '100000893106430', '1679130902'),
(132, '100000893106430', '100000008297884'),
(133, '100000893106430', '100000020867957'),
(134, '100000893106430', '100000090488005'),
(135, '100000893106430', '100000255805915'),
(136, '100000893106430', '100000287192447'),
(137, '100000893106430', '100000310962273'),
(138, '100000893106430', '100000319419197'),
(139, '100000893106430', '100000438440876'),
(140, '100000893106430', '100000448030572'),
(141, '100000893106430', '100000508102233'),
(142, '100000893106430', '100000552797109'),
(143, '100000893106430', '100000589957296'),
(144, '100000893106430', '100000603408593'),
(145, '100000893106430', '100000655597076'),
(146, '100000893106430', '100000666416860'),
(147, '100000893106430', '100000752683476'),
(148, '100000893106430', '100000763686976'),
(149, '100000893106430', '100000772386974'),
(150, '100000893106430', '100000777642097'),
(151, '100000893106430', '100000790086954'),
(152, '100000893106430', '100000791337381'),
(153, '100000893106430', '100000804367041'),
(154, '100000893106430', '100000837661374'),
(155, '100000893106430', '100000884494403'),
(156, '100000893106430', '100000894272982'),
(157, '100000893106430', '100000901464824'),
(158, '100000893106430', '100000966391977'),
(159, '100000893106430', '100001009295786'),
(160, '100000893106430', '100001014246150'),
(161, '100000893106430', '100001051032249'),
(162, '100000893106430', '100001105117170'),
(163, '100000893106430', '100001209746122'),
(164, '100000893106430', '100001258600751'),
(165, '100000893106430', '100001317253976'),
(166, '100000893106430', '100001322722331'),
(167, '100000893106430', '100001331522083'),
(168, '100000893106430', '100001435909897'),
(169, '100000893106430', '100001464646956'),
(170, '100000893106430', '100001524607787'),
(171, '100000893106430', '100001541482086'),
(172, '100000893106430', '100001549532899'),
(173, '100000893106430', '100001579572621'),
(174, '100000893106430', '100001588690963'),
(175, '100000893106430', '100001637072116'),
(176, '100000893106430', '100001702625574'),
(177, '100000893106430', '100001712315384'),
(178, '100000893106430', '100001728664451'),
(179, '100000893106430', '100001781465690'),
(180, '100000893106430', '100001876143136'),
(181, '100000893106430', '100001558959005'),
(182, '688538937', '2505692'),
(183, '688538937', '6844666'),
(184, '688538937', '16807023'),
(185, '688538937', '36810030'),
(186, '688538937', '37008563'),
(187, '688538937', '43700571'),
(188, '688538937', '500519484'),
(189, '688538937', '500745458'),
(190, '688538937', '501458758'),
(191, '688538937', '501547350'),
(192, '688538937', '501997495'),
(193, '688538937', '502840049'),
(194, '688538937', '503157053'),
(195, '688538937', '503233339'),
(196, '688538937', '505214887'),
(197, '688538937', '505834597'),
(198, '688538937', '505966274'),
(199, '688538937', '506482205'),
(200, '688538937', '507152536'),
(201, '688538937', '507902231'),
(202, '688538937', '507962952'),
(203, '688538937', '509284187'),
(204, '688538937', '509457805'),
(205, '688538937', '509711382'),
(206, '688538937', '509719948'),
(207, '688538937', '510076414'),
(208, '688538937', '511063307'),
(209, '688538937', '511409094'),
(210, '688538937', '511430573'),
(211, '688538937', '512025829'),
(212, '688538937', '513392606'),
(213, '688538937', '514017842'),
(214, '688538937', '514102929'),
(215, '688538937', '514328474'),
(216, '688538937', '514409331'),
(217, '688538937', '514612377'),
(218, '688538937', '514767999'),
(219, '688538937', '515052398'),
(220, '688538937', '515197216'),
(221, '688538937', '515878501'),
(222, '688538937', '516794201'),
(223, '688538937', '516936314'),
(224, '688538937', '517757751'),
(225, '688538937', '519052470'),
(226, '688538937', '519757398'),
(227, '688538937', '520207774'),
(228, '688538937', '521026354'),
(229, '688538937', '521338291'),
(230, '688538937', '521680747'),
(231, '688538937', '521795805'),
(232, '688538937', '522264866'),
(233, '688538937', '522339397'),
(234, '688538937', '523145852'),
(235, '688538937', '523310583'),
(236, '688538937', '523325724'),
(237, '688538937', '523420707'),
(238, '688538937', '523470337'),
(239, '688538937', '523620596'),
(240, '688538937', '524937198'),
(241, '688538937', '525385121'),
(242, '688538937', '527041370'),
(243, '688538937', '527203344'),
(244, '688538937', '527354743'),
(245, '688538937', '527379107'),
(246, '688538937', '527456989'),
(247, '688538937', '527538601'),
(248, '688538937', '527740830'),
(249, '688538937', '527936555'),
(250, '688538937', '528285158'),
(251, '688538937', '528515954'),
(252, '688538937', '530025603'),
(253, '688538937', '530971610'),
(254, '688538937', '531319827'),
(255, '688538937', '531951749'),
(256, '688538937', '532576356'),
(257, '688538937', '533638371'),
(258, '688538937', '535013162'),
(259, '688538937', '535650284'),
(260, '688538937', '536082207'),
(261, '688538937', '536195197'),
(262, '688538937', '537505387'),
(263, '688538937', '538000843'),
(264, '688538937', '538113131'),
(265, '688538937', '538288499'),
(266, '688538937', '538807493'),
(267, '688538937', '539520780'),
(268, '688538937', '540375006'),
(269, '688538937', '540485712'),
(270, '688538937', '542000267'),
(271, '688538937', '542023005'),
(272, '688538937', '542330284'),
(273, '688538937', '542645620'),
(274, '688538937', '542805288'),
(275, '688538937', '542880296'),
(276, '688538937', '543171140'),
(277, '688538937', '544468900'),
(278, '688538937', '545054652'),
(279, '688538937', '545730749'),
(280, '688538937', '545763621'),
(281, '688538937', '545873251'),
(282, '688538937', '545903539'),
(283, '688538937', '545967854'),
(284, '688538937', '546074358'),
(285, '688538937', '547105929'),
(286, '688538937', '547584122'),
(287, '688538937', '547859732'),
(288, '688538937', '549231497'),
(289, '688538937', '551628505'),
(290, '688538937', '552270214'),
(291, '688538937', '552495900'),
(292, '688538937', '552628056'),
(293, '688538937', '554535167'),
(294, '688538937', '555045976'),
(295, '688538937', '556568570'),
(296, '688538937', '556644417'),
(297, '688538937', '557207875'),
(298, '688538937', '557385747'),
(299, '688538937', '557450010'),
(300, '688538937', '557681082'),
(301, '688538937', '557892553'),
(302, '688538937', '557904284'),
(303, '688538937', '560478874'),
(304, '688538937', '560502617'),
(305, '688538937', '562340629'),
(306, '688538937', '562928926'),
(307, '688538937', '563150317'),
(308, '688538937', '563273031'),
(309, '688538937', '563382226'),
(310, '688538937', '563775608'),
(311, '688538937', '564395510'),
(312, '688538937', '564519935'),
(313, '688538937', '565375952'),
(314, '688538937', '566144568'),
(315, '688538937', '566190931'),
(316, '688538937', '568146647'),
(317, '688538937', '568216430'),
(318, '688538937', '568453911'),
(319, '688538937', '569312826'),
(320, '688538937', '569606971'),
(321, '688538937', '569696225'),
(322, '688538937', '569820621'),
(323, '688538937', '570445739'),
(324, '688538937', '570853248'),
(325, '688538937', '570984138'),
(326, '688538937', '571501018'),
(327, '688538937', '572167540'),
(328, '688538937', '572425540'),
(329, '688538937', '573797333'),
(330, '688538937', '574461684'),
(331, '688538937', '574796825'),
(332, '688538937', '576002456'),
(333, '688538937', '577085091'),
(334, '688538937', '577537396'),
(335, '688538937', '577742716'),
(336, '688538937', '578369224'),
(337, '688538937', '579195890'),
(338, '688538937', '579286736'),
(339, '688538937', '579825501'),
(340, '688538937', '580001259'),
(341, '688538937', '581016012'),
(342, '688538937', '581294717'),
(343, '688538937', '581810986'),
(344, '688538937', '581816046'),
(345, '688538937', '582914202'),
(346, '688538937', '582942131'),
(347, '688538937', '583009187'),
(348, '688538937', '583334578'),
(349, '688538937', '583464055'),
(350, '688538937', '585073108'),
(351, '688538937', '587620069'),
(352, '688538937', '587851012'),
(353, '688538937', '587902418'),
(354, '688538937', '589027290'),
(355, '688538937', '589225877'),
(356, '688538937', '589283456'),
(357, '688538937', '591496233'),
(358, '688538937', '592839319'),
(359, '688538937', '593045610'),
(360, '688538937', '593300679'),
(361, '688538937', '594442033'),
(362, '688538937', '595995759'),
(363, '688538937', '596260665'),
(364, '688538937', '596505443'),
(365, '688538937', '597476159'),
(366, '688538937', '600175394'),
(367, '688538937', '600716206'),
(368, '688538937', '602204369'),
(369, '688538937', '602611797'),
(370, '688538937', '602881293'),
(371, '688538937', '603659186'),
(372, '688538937', '605143202'),
(373, '688538937', '606435667'),
(374, '688538937', '606923941'),
(375, '688538937', '607365110'),
(376, '688538937', '607702891'),
(377, '688538937', '609963711'),
(378, '688538937', '610473251'),
(379, '688538937', '610911637'),
(380, '688538937', '611220098'),
(381, '688538937', '611246035'),
(382, '688538937', '611327316'),
(383, '688538937', '611676743'),
(384, '688538937', '612403592'),
(385, '688538937', '612491712'),
(386, '688538937', '612517247'),
(387, '688538937', '612771651'),
(388, '688538937', '613089133'),
(389, '688538937', '613171617'),
(390, '688538937', '613386990'),
(391, '688538937', '613941751'),
(392, '688538937', '616380508'),
(393, '688538937', '616617956'),
(394, '688538937', '617105231'),
(395, '688538937', '618872227'),
(396, '688538937', '619025223'),
(397, '688538937', '619871153'),
(398, '688538937', '620223698'),
(399, '688538937', '620710828'),
(400, '688538937', '622810385'),
(401, '688538937', '624132112'),
(402, '688538937', '624455620'),
(403, '688538937', '625075331'),
(404, '688538937', '625710249'),
(405, '688538937', '626054289'),
(406, '688538937', '626444552'),
(407, '688538937', '626630936'),
(408, '688538937', '626654743'),
(409, '688538937', '626931439'),
(410, '688538937', '627081755'),
(411, '688538937', '627269912'),
(412, '688538937', '627985648'),
(413, '688538937', '628053408'),
(414, '688538937', '628602015'),
(415, '688538937', '628821967'),
(416, '688538937', '629027272'),
(417, '688538937', '629347629'),
(418, '688538937', '629486264'),
(419, '688538937', '630107937'),
(420, '688538937', '630540555'),
(421, '688538937', '631295425'),
(422, '688538937', '631519074'),
(423, '688538937', '631639334'),
(424, '688538937', '631760541'),
(425, '688538937', '631785222'),
(426, '688538937', '632128070'),
(427, '688538937', '632425303'),
(428, '688538937', '633806578'),
(429, '688538937', '634320909'),
(430, '688538937', '635232760'),
(431, '688538937', '635458236'),
(432, '688538937', '635912649'),
(433, '688538937', '636016557'),
(434, '688538937', '636581081'),
(435, '688538937', '636890199'),
(436, '688538937', '637851782'),
(437, '688538937', '638367381'),
(438, '688538937', '640036157'),
(439, '688538937', '640236668'),
(440, '688538937', '640303474'),
(441, '688538937', '641933701'),
(442, '688538937', '642013114'),
(443, '688538937', '643430172'),
(444, '688538937', '643626173'),
(445, '688538937', '643651286'),
(446, '688538937', '643840612'),
(447, '688538937', '646286482'),
(448, '688538937', '646454008'),
(449, '688538937', '647326140'),
(450, '688538937', '647474535'),
(451, '688538937', '647941904'),
(452, '688538937', '648078894'),
(453, '688538937', '648205111'),
(454, '688538937', '648485792'),
(455, '688538937', '648680154'),
(456, '688538937', '648958323'),
(457, '688538937', '649942782'),
(458, '688538937', '650464704'),
(459, '688538937', '651597941'),
(460, '688538937', '651860238'),
(461, '688538937', '654666212'),
(462, '688538937', '655639110'),
(463, '688538937', '655691382'),
(464, '688538937', '656811609'),
(465, '688538937', '658310640'),
(466, '688538937', '658472022'),
(467, '688538937', '659880584'),
(468, '688538937', '663448511'),
(469, '688538937', '663647202'),
(470, '688538937', '664351744'),
(471, '688538937', '666686410'),
(472, '688538937', '667427684'),
(473, '688538937', '667955109'),
(474, '688538937', '668460076'),
(475, '688538937', '668665787'),
(476, '688538937', '669000258'),
(477, '688538937', '669875244'),
(478, '688538937', '670091857'),
(479, '688538937', '672985965'),
(480, '688538937', '673369114'),
(481, '688538937', '674198340'),
(482, '688538937', '674224763'),
(483, '688538937', '674674420'),
(484, '688538937', '675328592'),
(485, '688538937', '677416229'),
(486, '688538937', '677969318'),
(487, '688538937', '678237334'),
(488, '688538937', '678454688'),
(489, '688538937', '678665104'),
(490, '688538937', '679090492'),
(491, '688538937', '679450152'),
(492, '688538937', '680326245'),
(493, '688538937', '680987302'),
(494, '688538937', '683185456'),
(495, '688538937', '683214857'),
(496, '688538937', '684531167'),
(497, '688538937', '685938854'),
(498, '688538937', '686554460'),
(499, '688538937', '686917631'),
(500, '688538937', '687196096'),
(501, '688538937', '687748582'),
(502, '688538937', '688350762'),
(503, '688538937', '688880655'),
(504, '688538937', '688987495'),
(505, '688538937', '689014439'),
(506, '688538937', '690086104'),
(507, '688538937', '690295920'),
(508, '688538937', '692640006'),
(509, '688538937', '693000011'),
(510, '688538937', '693207796'),
(511, '688538937', '693970523'),
(512, '688538937', '694015407'),
(513, '688538937', '694339518'),
(514, '688538937', '695221740'),
(515, '688538937', '695425066'),
(516, '688538937', '695617044'),
(517, '688538937', '697360424'),
(518, '688538937', '698334610'),
(519, '688538937', '698585917'),
(520, '688538937', '699757106'),
(521, '688538937', '700312185'),
(522, '688538937', '700885581'),
(523, '688538937', '702613492'),
(524, '688538937', '703106334'),
(525, '688538937', '703579870'),
(526, '688538937', '703932278'),
(527, '688538937', '705575481'),
(528, '688538937', '705676669'),
(529, '688538937', '706582418'),
(530, '688538937', '707338421'),
(531, '688538937', '707773644'),
(532, '688538937', '708045811'),
(533, '688538937', '708825319'),
(534, '688538937', '708970340'),
(535, '688538937', '711697344'),
(536, '688538937', '711952290'),
(537, '688538937', '712022999'),
(538, '688538937', '712393932'),
(539, '688538937', '712788486'),
(540, '688538937', '713110843'),
(541, '688538937', '713780798'),
(542, '688538937', '714286096'),
(543, '688538937', '715230866'),
(544, '688538937', '715455503'),
(545, '688538937', '716159907'),
(546, '688538937', '716884786'),
(547, '688538937', '716967094'),
(548, '688538937', '717035159'),
(549, '688538937', '717832648'),
(550, '688538937', '718069738'),
(551, '688538937', '718479612'),
(552, '688538937', '719203789'),
(553, '688538937', '719710374'),
(554, '688538937', '720432920'),
(555, '688538937', '721212270'),
(556, '688538937', '721562480'),
(557, '688538937', '721562741'),
(558, '688538937', '721787149'),
(559, '688538937', '722275180'),
(560, '688538937', '722990818'),
(561, '688538937', '723416995'),
(562, '688538937', '723605145'),
(563, '688538937', '723890490'),
(564, '688538937', '724751362'),
(565, '688538937', '725076289'),
(566, '688538937', '725096750'),
(567, '688538937', '725947358'),
(568, '688538937', '726086795'),
(569, '688538937', '726420785'),
(570, '688538937', '727594277'),
(571, '688538937', '728055305'),
(572, '688538937', '728111651'),
(573, '688538937', '728283548'),
(574, '688538937', '728337092'),
(575, '688538937', '728651443'),
(576, '688538937', '728759256'),
(577, '688538937', '728825973'),
(578, '688538937', '729128740'),
(579, '688538937', '729136605'),
(580, '688538937', '730286718'),
(581, '688538937', '731370555'),
(582, '688538937', '731761057'),
(583, '688538937', '732221555'),
(584, '688538937', '733181231'),
(585, '688538937', '733788261'),
(586, '688538937', '734404120'),
(587, '688538937', '734883178'),
(588, '688538937', '735976146'),
(589, '688538937', '736585279'),
(590, '688538937', '738770525'),
(591, '688538937', '739548711'),
(592, '688538937', '741652361'),
(593, '688538937', '742383610'),
(594, '688538937', '746586752'),
(595, '688538937', '747678227'),
(596, '688538937', '748754294'),
(597, '688538937', '749755595'),
(598, '688538937', '750325081'),
(599, '688538937', '752039882'),
(600, '688538937', '752550053'),
(601, '688538937', '757775296'),
(602, '688538937', '757785314'),
(603, '688538937', '761888382'),
(604, '688538937', '761960570'),
(605, '688538937', '771374455'),
(606, '688538937', '774995332'),
(607, '688538937', '775004558'),
(608, '688538937', '775356907'),
(609, '688538937', '775888570'),
(610, '688538937', '777020642'),
(611, '688538937', '780852339'),
(612, '688538937', '782333803'),
(613, '688538937', '782379601'),
(614, '688538937', '784570351'),
(615, '688538937', '785573647'),
(616, '688538937', '785855709'),
(617, '688538937', '788055386'),
(618, '688538937', '793375550'),
(619, '688538937', '794775157'),
(620, '688538937', '796185542'),
(621, '688538937', '801685376'),
(622, '688538937', '804535194'),
(623, '688538937', '807553212'),
(624, '688538937', '808960392'),
(625, '688538937', '809090253'),
(626, '688538937', '809915646'),
(627, '688538937', '811505093'),
(628, '688538937', '812370485'),
(629, '688538937', '813846951'),
(630, '688538937', '814365435'),
(631, '688538937', '819645312'),
(632, '688538937', '820370536'),
(633, '688538937', '821250477'),
(634, '688538937', '824878163'),
(635, '688538937', '825763760'),
(636, '688538937', '825812837'),
(637, '688538937', '829285577'),
(638, '688538937', '829444293'),
(639, '688538937', '831210272'),
(640, '688538937', '831684851'),
(641, '688538937', '834195267'),
(642, '688538937', '836107715'),
(643, '688538937', '837356357'),
(644, '688538937', '840235537'),
(645, '688538937', '841052382'),
(646, '688538937', '842070388'),
(647, '688538937', '842405330'),
(648, '688538937', '846800690'),
(649, '688538937', '852755326'),
(650, '688538937', '855070623'),
(651, '688538937', '855825693'),
(652, '688538937', '855840506'),
(653, '688538937', '859770220'),
(654, '688538937', '866405190'),
(655, '688538937', '867385183'),
(656, '688538937', '867600360'),
(657, '688538937', '874650229'),
(658, '688538937', '874760356'),
(659, '688538937', '877565367'),
(660, '688538937', '878305191'),
(661, '688538937', '878410248'),
(662, '688538937', '886130042'),
(663, '688538937', '888255270'),
(664, '688538937', '889655390'),
(665, '688538937', '895430385'),
(666, '688538937', '899330610'),
(667, '688538937', '900800386'),
(668, '688538937', '901575092'),
(669, '688538937', '1004070551'),
(670, '688538937', '1010043976'),
(671, '688538937', '1011769495'),
(672, '688538937', '1014376643'),
(673, '688538937', '1024709811'),
(674, '688538937', '1028744197'),
(675, '688538937', '1031283266'),
(676, '688538937', '1043490187'),
(677, '688538937', '1051150185'),
(678, '688538937', '1053821426'),
(679, '688538937', '1054302855'),
(680, '688538937', '1058934405'),
(681, '688538937', '1062249111'),
(682, '688538937', '1070271755'),
(683, '688538937', '1072283153'),
(684, '688538937', '1077524694'),
(685, '688538937', '1078819099'),
(686, '688538937', '1078974968'),
(687, '688538937', '1099013362'),
(688, '688538937', '1128971431'),
(689, '688538937', '1137577606'),
(690, '688538937', '1142980417'),
(691, '688538937', '1145300118'),
(692, '688538937', '1154453654'),
(693, '688538937', '1156012347'),
(694, '688538937', '1157385078'),
(695, '688538937', '1160575422'),
(696, '688538937', '1181618939'),
(697, '688538937', '1189158266'),
(698, '688538937', '1200504658'),
(699, '688538937', '1212493055'),
(700, '688538937', '1215181846'),
(701, '688538937', '1216755796'),
(702, '688538937', '1218824959'),
(703, '688538937', '1230423202'),
(704, '688538937', '1260574276'),
(705, '688538937', '1275033663'),
(706, '688538937', '1303187323'),
(707, '688538937', '1310632440'),
(708, '688538937', '1313135491'),
(709, '688538937', '1332788610'),
(710, '688538937', '1349441869'),
(711, '688538937', '1355861365'),
(712, '688538937', '1356656285'),
(713, '688538937', '1359285036'),
(714, '688538937', '1360363050'),
(715, '688538937', '1373680852'),
(716, '688538937', '1388300204'),
(717, '688538937', '1398995980'),
(718, '688538937', '1408878194'),
(719, '688538937', '1444701828'),
(720, '688538937', '1446038379'),
(721, '688538937', '1457201434'),
(722, '688538937', '1472319162'),
(723, '688538937', '1472443669'),
(724, '688538937', '1517888863'),
(725, '688538937', '1520672738'),
(726, '688538937', '1530166152'),
(727, '688538937', '1536104401'),
(728, '688538937', '1543503714'),
(729, '688538937', '1549533448'),
(730, '688538937', '1564292490'),
(731, '688538937', '1570421026'),
(732, '688538937', '1596143806'),
(733, '688538937', '1599125955'),
(734, '688538937', '1600540450'),
(735, '688538937', '1628822312'),
(736, '688538937', '1634675907'),
(737, '688538937', '1644421694'),
(738, '688538937', '1666839463'),
(739, '688538937', '1671338437'),
(740, '688538937', '1779773752'),
(741, '688538937', '1810083713'),
(742, '688538937', '1840763613'),
(743, '688538937', '100000007454730'),
(744, '688538937', '100000023979124'),
(745, '688538937', '100000055640698'),
(746, '688538937', '100000100393050'),
(747, '688538937', '100000148508251'),
(748, '688538937', '100000154074236'),
(749, '688538937', '100000176517886'),
(750, '688538937', '100000181934382'),
(751, '688538937', '100000219417390'),
(752, '688538937', '100000233321007'),
(753, '688538937', '100000251807663'),
(754, '688538937', '100000256606696'),
(755, '688538937', '100000275434924'),
(756, '688538937', '100000342079676'),
(757, '688538937', '100000383140154'),
(758, '688538937', '100000388808132'),
(759, '688538937', '100000389263010'),
(760, '688538937', '100000397071913'),
(761, '688538937', '100000417009036'),
(762, '688538937', '100000417606066'),
(763, '688538937', '100000423802256'),
(764, '688538937', '100000427985921'),
(765, '688538937', '100000438483843'),
(766, '688538937', '100000450821508'),
(767, '688538937', '100000462882146'),
(768, '688538937', '100000465992783'),
(769, '688538937', '100000472257075'),
(770, '688538937', '100000486687488'),
(771, '688538937', '100000502110436'),
(772, '688538937', '100000530163341'),
(773, '688538937', '100000545097377'),
(774, '688538937', '100000546344437'),
(775, '688538937', '100000565108473'),
(776, '688538937', '100000572539607'),
(777, '688538937', '100000628502579'),
(778, '688538937', '100000673754780'),
(779, '688538937', '100000723091113'),
(780, '688538937', '100000730360235'),
(781, '688538937', '100000745446768'),
(782, '688538937', '100000789291265'),
(783, '688538937', '100000801213977'),
(784, '688538937', '100000816309312'),
(785, '688538937', '100000842464907'),
(786, '688538937', '100000874767238'),
(787, '688538937', '100000906582383'),
(788, '688538937', '100000951553902'),
(789, '688538937', '100000975577317'),
(790, '688538937', '100001001793268'),
(791, '688538937', '100001068838286'),
(792, '688538937', '100001104258660'),
(793, '688538937', '100001137331747'),
(794, '688538937', '100001169955062'),
(795, '688538937', '100001207143831'),
(796, '688538937', '100001538372385'),
(797, '688538937', '100001674228396'),
(798, '688538937', '100001701000738'),
(799, '688538937', '100001847872214'),
(800, '100000893106430', '100001547880025'),
(801, '100001549532899', '623152631'),
(802, '100001271829122', '541363176'),
(803, '100001271829122', '695398259'),
(804, '100001271829122', '696157148'),
(805, '100001271829122', '740602252'),
(806, '100001271829122', '806870208'),
(807, '100001271829122', '817592858'),
(808, '100001271829122', '1187026512'),
(809, '100001271829122', '1318412919'),
(810, '100001271829122', '1337314052'),
(811, '100001271829122', '1357932268'),
(812, '100001271829122', '1588322554'),
(813, '100001271829122', '1641051059'),
(814, '100001271829122', '1800221076'),
(815, '100001271829122', '1801425377'),
(816, '100001271829122', '1829028132'),
(817, '100001271829122', '1846905870'),
(818, '100001271829122', '100000116774101'),
(819, '100001271829122', '100000130672998'),
(820, '100001271829122', '100000196629364'),
(821, '100001271829122', '100000206555948'),
(822, '100001271829122', '100000238815961'),
(823, '100001271829122', '100000300168951'),
(824, '100001271829122', '100000324912520'),
(825, '100001271829122', '100000485250711'),
(826, '100001271829122', '100000501909885'),
(827, '100001271829122', '100000519352919'),
(828, '100001271829122', '100000531191989'),
(829, '100001271829122', '100000551642541'),
(830, '100001271829122', '100000860366077'),
(831, '100001271829122', '100000871606464'),
(832, '100001271829122', '100001206412615'),
(833, '100001271829122', '100001252360634'),
(834, '100001271829122', '100001254608142'),
(835, '100001271829122', '100001255935209'),
(836, '100001271829122', '100001321090968'),
(837, '100001271829122', '100001352285026'),
(838, '100001271829122', '100001448148826'),
(839, '100001271829122', '100001681869784'),
(840, '100000485250711', '518568171'),
(841, '100000485250711', '585007899'),
(842, '100000485250711', '612886393'),
(843, '100000485250711', '632381530'),
(844, '100000485250711', '664470966'),
(845, '100000485250711', '785483833'),
(846, '100000485250711', '806247817'),
(847, '100000485250711', '819567855'),
(848, '100000485250711', '828052113'),
(849, '100000485250711', '1010217855'),
(850, '100000485250711', '1294043968'),
(851, '100000485250711', '1335842963'),
(852, '100000485250711', '1357657253'),
(853, '100000485250711', '1385688372'),
(854, '100000485250711', '1443031364'),
(855, '100000485250711', '1475473169'),
(856, '100000485250711', '1511285687'),
(857, '100000485250711', '1594324525'),
(858, '100000485250711', '1611502045'),
(859, '100000485250711', '1672751935'),
(860, '100000485250711', '1801568730'),
(861, '100000485250711', '1833832991'),
(862, '100000485250711', '100000051923325'),
(863, '100000485250711', '100000079717860'),
(864, '100000485250711', '100000133262978'),
(865, '100000485250711', '100000210993643'),
(866, '100000485250711', '100000224372186'),
(867, '100000485250711', '100000251709172'),
(868, '100000485250711', '100000288058555'),
(869, '100000485250711', '100000386262205'),
(870, '100000485250711', '100000480969567'),
(871, '100000485250711', '100000526837553'),
(872, '100000485250711', '100000700838785'),
(873, '100000485250711', '100000775684212'),
(874, '100000485250711', '100000887803437'),
(875, '100000485250711', '100000938272153'),
(876, '100000485250711', '100000997943417'),
(877, '100000485250711', '100001221675402'),
(878, '100000485250711', '100001271829122'),
(879, '100000485250711', '100001350540718'),
(880, '100000485250711', '100001360370441'),
(881, '100000966868279', '724517648'),
(882, '100000966868279', '100000967797847'),
(883, '648680154', '10154'),
(884, '648680154', '902980'),
(885, '648680154', '1801962'),
(886, '648680154', '2018521'),
(887, '648680154', '5031596'),
(888, '648680154', '5718086'),
(889, '648680154', '12716852'),
(890, '648680154', '13804975'),
(891, '648680154', '13805180'),
(892, '648680154', '22301531'),
(893, '648680154', '23804769'),
(894, '648680154', '25801507'),
(895, '648680154', '25809752'),
(896, '648680154', '25811830'),
(897, '648680154', '50105698'),
(898, '648680154', '58701970'),
(899, '648680154', '65201922'),
(900, '648680154', '76903352'),
(901, '648680154', '79300886'),
(902, '648680154', '79301245'),
(903, '648680154', '179000540'),
(904, '648680154', '500125111'),
(905, '648680154', '500166297'),
(906, '648680154', '500190996'),
(907, '648680154', '500247148'),
(908, '648680154', '500383088'),
(909, '648680154', '500486385'),
(910, '648680154', '500495993'),
(911, '648680154', '500580092'),
(912, '648680154', '500758694'),
(913, '648680154', '500892081'),
(914, '648680154', '501003578'),
(915, '648680154', '501034916'),
(916, '648680154', '501045690'),
(917, '648680154', '501076442'),
(918, '648680154', '501094842'),
(919, '648680154', '501106783'),
(920, '648680154', '501136986'),
(921, '648680154', '501196840'),
(922, '648680154', '501200002'),
(923, '648680154', '501250097'),
(924, '648680154', '501264795'),
(925, '648680154', '501354006'),
(926, '648680154', '501394074'),
(927, '648680154', '501406651'),
(928, '648680154', '501419233'),
(929, '648680154', '501424507'),
(930, '648680154', '501438593'),
(931, '648680154', '501439159'),
(932, '648680154', '501472792'),
(933, '648680154', '501496806'),
(934, '648680154', '501504123'),
(935, '648680154', '501507772'),
(936, '648680154', '501675375'),
(937, '648680154', '501764307'),
(938, '648680154', '501790311'),
(939, '648680154', '501818708'),
(940, '648680154', '501833355'),
(941, '648680154', '501951244'),
(942, '648680154', '502131388'),
(943, '648680154', '502229800'),
(944, '648680154', '502281017'),
(945, '648680154', '502627640'),
(946, '648680154', '503064447'),
(947, '648680154', '503222358'),
(948, '648680154', '503255567'),
(949, '648680154', '503415430'),
(950, '648680154', '503616971'),
(951, '648680154', '503705974'),
(952, '648680154', '503817324'),
(953, '648680154', '504169722'),
(954, '648680154', '504380173'),
(955, '648680154', '504433078'),
(956, '648680154', '504444144'),
(957, '648680154', '506181174'),
(958, '648680154', '506275084'),
(959, '648680154', '506322833'),
(960, '648680154', '506458829'),
(961, '648680154', '506523055'),
(962, '648680154', '506568804'),
(963, '648680154', '506576668'),
(964, '648680154', '506624390'),
(965, '648680154', '507030767'),
(966, '648680154', '507036685'),
(967, '648680154', '507673810'),
(968, '648680154', '507784439'),
(969, '648680154', '507964664'),
(970, '648680154', '508016171'),
(971, '648680154', '508228068'),
(972, '648680154', '508288298'),
(973, '648680154', '508303450'),
(974, '648680154', '509137368'),
(975, '648680154', '509212002'),
(976, '648680154', '509295205'),
(977, '648680154', '509357097'),
(978, '648680154', '509656389'),
(979, '648680154', '510066376'),
(980, '648680154', '510258092'),
(981, '648680154', '510408423'),
(982, '648680154', '510459161'),
(983, '648680154', '511120576'),
(984, '648680154', '511675676'),
(985, '648680154', '511679937'),
(986, '648680154', '511817952'),
(987, '648680154', '512737954'),
(988, '648680154', '512893456'),
(989, '648680154', '513307157'),
(990, '648680154', '513738140'),
(991, '648680154', '513822681'),
(992, '648680154', '513917380'),
(993, '648680154', '513968234'),
(994, '648680154', '514042378'),
(995, '648680154', '514058650'),
(996, '648680154', '514123156'),
(997, '648680154', '514285041'),
(998, '648680154', '514332650'),
(999, '648680154', '514339400'),
(1000, '648680154', '514342181'),
(1001, '648680154', '514610886'),
(1002, '648680154', '514628330'),
(1003, '648680154', '514686995'),
(1004, '648680154', '515041228'),
(1005, '648680154', '515168203'),
(1006, '648680154', '515416616'),
(1007, '648680154', '515522266'),
(1008, '648680154', '515629455'),
(1009, '648680154', '515998500'),
(1010, '648680154', '516262688'),
(1011, '648680154', '517131895'),
(1012, '648680154', '517920086'),
(1013, '648680154', '518027884'),
(1014, '648680154', '518456775'),
(1015, '648680154', '518980599'),
(1016, '648680154', '519056398'),
(1017, '648680154', '519810228'),
(1018, '648680154', '519900192'),
(1019, '648680154', '519930343'),
(1020, '648680154', '520212019'),
(1021, '648680154', '520335168'),
(1022, '648680154', '520536962'),
(1023, '648680154', '522396274'),
(1024, '648680154', '523595157'),
(1025, '648680154', '523832406'),
(1026, '648680154', '524535248'),
(1027, '648680154', '524710528'),
(1028, '648680154', '525193766'),
(1029, '648680154', '525233764'),
(1030, '648680154', '525305481'),
(1031, '648680154', '525310804'),
(1032, '648680154', '525961021'),
(1033, '648680154', '526582125'),
(1034, '648680154', '527033582'),
(1035, '648680154', '527543588'),
(1036, '648680154', '528155254'),
(1037, '648680154', '528546724'),
(1038, '648680154', '529311846'),
(1039, '648680154', '529771889'),
(1040, '648680154', '529999750'),
(1041, '648680154', '530192097'),
(1042, '648680154', '531287516'),
(1043, '648680154', '531386017'),
(1044, '648680154', '531570651'),
(1045, '648680154', '531830960'),
(1046, '648680154', '531990034'),
(1047, '648680154', '532050320'),
(1048, '648680154', '532060391'),
(1049, '648680154', '532097060'),
(1050, '648680154', '532115541'),
(1051, '648680154', '532120262'),
(1052, '648680154', '532235197'),
(1053, '648680154', '532295300'),
(1054, '648680154', '532670428'),
(1055, '648680154', '533817175'),
(1056, '648680154', '533903547'),
(1057, '648680154', '533998798'),
(1058, '648680154', '534613343'),
(1059, '648680154', '534741417'),
(1060, '648680154', '534916569'),
(1061, '648680154', '535436135'),
(1062, '648680154', '536995268'),
(1063, '648680154', '537326079'),
(1064, '648680154', '538286120'),
(1065, '648680154', '539670462'),
(1066, '648680154', '539751101'),
(1067, '648680154', '540197741'),
(1068, '648680154', '540694934'),
(1069, '648680154', '541765778'),
(1070, '648680154', '542171153'),
(1071, '648680154', '542395249'),
(1072, '648680154', '543104579'),
(1073, '648680154', '543386880'),
(1074, '648680154', '543555068'),
(1075, '648680154', '544376961'),
(1076, '648680154', '545845320'),
(1077, '648680154', '546005460'),
(1078, '648680154', '546047003'),
(1079, '648680154', '546286390'),
(1080, '648680154', '546520082'),
(1081, '648680154', '546660061'),
(1082, '648680154', '547053882'),
(1083, '648680154', '549322514'),
(1084, '648680154', '551920817'),
(1085, '648680154', '552776472'),
(1086, '648680154', '552957430'),
(1087, '648680154', '553282182'),
(1088, '648680154', '553411235'),
(1089, '648680154', '554231944'),
(1090, '648680154', '554928430'),
(1091, '648680154', '555614074'),
(1092, '648680154', '556187162'),
(1093, '648680154', '556937591'),
(1094, '648680154', '557980600'),
(1095, '648680154', '559063817'),
(1096, '648680154', '559698985'),
(1097, '648680154', '559710005'),
(1098, '648680154', '560163903'),
(1099, '648680154', '560704006'),
(1100, '648680154', '560805654'),
(1101, '648680154', '560807566'),
(1102, '648680154', '561187872'),
(1103, '648680154', '561310306'),
(1104, '648680154', '561602152'),
(1105, '648680154', '562459220'),
(1106, '648680154', '565050262'),
(1107, '648680154', '566408993'),
(1108, '648680154', '566616848'),
(1109, '648680154', '567141589'),
(1110, '648680154', '567391487'),
(1111, '648680154', '567538405'),
(1112, '648680154', '567924680'),
(1113, '648680154', '568278450'),
(1114, '648680154', '568324101'),
(1115, '648680154', '568385295'),
(1116, '648680154', '568481855'),
(1117, '648680154', '568543107'),
(1118, '648680154', '568611996'),
(1119, '648680154', '569053053'),
(1120, '648680154', '569179666'),
(1121, '648680154', '570046618'),
(1122, '648680154', '570550731'),
(1123, '648680154', '570799066'),
(1124, '648680154', '570986595'),
(1125, '648680154', '571396429'),
(1126, '648680154', '571420239'),
(1127, '648680154', '571613589'),
(1128, '648680154', '572066790'),
(1129, '648680154', '572120236'),
(1130, '648680154', '572702752'),
(1131, '648680154', '573556252'),
(1132, '648680154', '573897535'),
(1133, '648680154', '574487620'),
(1134, '648680154', '574651351'),
(1135, '648680154', '574755321'),
(1136, '648680154', '575891146'),
(1137, '648680154', '576357475'),
(1138, '648680154', '576426240'),
(1139, '648680154', '577159234'),
(1140, '648680154', '577407938'),
(1141, '648680154', '577800037'),
(1142, '648680154', '577915609'),
(1143, '648680154', '578184464'),
(1144, '648680154', '578477176'),
(1145, '648680154', '578928098'),
(1146, '648680154', '579459794'),
(1147, '648680154', '580389618'),
(1148, '648680154', '580880241'),
(1149, '648680154', '580952512'),
(1150, '648680154', '581800744'),
(1151, '648680154', '583099216'),
(1152, '648680154', '583529057'),
(1153, '648680154', '584365775'),
(1154, '648680154', '584480279'),
(1155, '648680154', '585176785'),
(1156, '648680154', '585781910'),
(1157, '648680154', '585815734'),
(1158, '648680154', '587701975'),
(1159, '648680154', '588486009'),
(1160, '648680154', '588537260'),
(1161, '648680154', '588887518'),
(1162, '648680154', '590182428'),
(1163, '648680154', '590892576'),
(1164, '648680154', '591370172'),
(1165, '648680154', '591397237'),
(1166, '648680154', '591560634'),
(1167, '648680154', '591880566'),
(1168, '648680154', '591917322'),
(1169, '648680154', '592225051'),
(1170, '648680154', '592465213'),
(1171, '648680154', '592473054'),
(1172, '648680154', '593306121'),
(1173, '648680154', '593390353'),
(1174, '648680154', '593471778'),
(1175, '648680154', '594215081'),
(1176, '648680154', '594821346'),
(1177, '648680154', '595186463'),
(1178, '648680154', '597682098'),
(1179, '648680154', '598105521'),
(1180, '648680154', '598696665'),
(1181, '648680154', '600771540'),
(1182, '648680154', '601890226'),
(1183, '648680154', '601893650'),
(1184, '648680154', '602660201'),
(1185, '648680154', '602800159'),
(1186, '648680154', '603088197'),
(1187, '648680154', '603415388'),
(1188, '648680154', '603509310'),
(1189, '648680154', '604760539'),
(1190, '648680154', '604962625'),
(1191, '648680154', '606062829'),
(1192, '648680154', '606545584'),
(1193, '648680154', '606631711'),
(1194, '648680154', '606832517'),
(1195, '648680154', '607070787'),
(1196, '648680154', '607275994'),
(1197, '648680154', '607848301'),
(1198, '648680154', '607908312'),
(1199, '648680154', '608383336'),
(1200, '648680154', '608408582'),
(1201, '648680154', '608587493'),
(1202, '648680154', '608782746'),
(1203, '648680154', '609273976'),
(1204, '648680154', '610326915'),
(1205, '648680154', '610534702'),
(1206, '648680154', '610810812'),
(1207, '648680154', '611080139'),
(1208, '648680154', '611227358'),
(1209, '648680154', '611245942'),
(1210, '648680154', '611440781'),
(1211, '648680154', '611447460'),
(1212, '648680154', '611995170'),
(1213, '648680154', '612032797'),
(1214, '648680154', '612441719'),
(1215, '648680154', '612491103'),
(1216, '648680154', '612547030'),
(1217, '648680154', '613753927'),
(1218, '648680154', '614564339'),
(1219, '648680154', '614618468'),
(1220, '648680154', '616178637'),
(1221, '648680154', '616640318'),
(1222, '648680154', '616687018'),
(1223, '648680154', '616970437'),
(1224, '648680154', '617065424'),
(1225, '648680154', '617295561'),
(1226, '648680154', '617560270'),
(1227, '648680154', '617775141'),
(1228, '648680154', '617840405'),
(1229, '648680154', '617965601'),
(1230, '648680154', '620494256'),
(1231, '648680154', '620681296'),
(1232, '648680154', '620814735'),
(1233, '648680154', '620917521'),
(1234, '648680154', '621046189'),
(1235, '648680154', '621097440'),
(1236, '648680154', '621257073'),
(1237, '648680154', '621321821'),
(1238, '648680154', '621961140'),
(1239, '648680154', '623383426'),
(1240, '648680154', '623736281'),
(1241, '648680154', '626860588'),
(1242, '648680154', '627311051'),
(1243, '648680154', '627659066'),
(1244, '648680154', '629605713'),
(1245, '648680154', '629817722'),
(1246, '648680154', '630012530'),
(1247, '648680154', '630169402'),
(1248, '648680154', '630744280'),
(1249, '648680154', '631565721'),
(1250, '648680154', '632310259'),
(1251, '648680154', '632755371'),
(1252, '648680154', '633445004'),
(1253, '648680154', '633530091'),
(1254, '648680154', '633653232'),
(1255, '648680154', '633895610'),
(1256, '648680154', '634178203'),
(1257, '648680154', '634211468'),
(1258, '648680154', '635154202'),
(1259, '648680154', '636147273'),
(1260, '648680154', '636403938'),
(1261, '648680154', '636517109'),
(1262, '648680154', '636588593'),
(1263, '648680154', '636883032'),
(1264, '648680154', '636905572'),
(1265, '648680154', '636926222'),
(1266, '648680154', '637067593'),
(1267, '648680154', '637120410'),
(1268, '648680154', '637240197'),
(1269, '648680154', '637695045'),
(1270, '648680154', '637722318'),
(1271, '648680154', '638876041'),
(1272, '648680154', '638956900'),
(1273, '648680154', '639125250'),
(1274, '648680154', '639545304'),
(1275, '648680154', '640315102'),
(1276, '648680154', '641385365'),
(1277, '648680154', '642301262'),
(1278, '648680154', '642831781'),
(1279, '648680154', '642861748'),
(1280, '648680154', '642917465'),
(1281, '648680154', '643964135'),
(1282, '648680154', '645561485'),
(1283, '648680154', '646056438'),
(1284, '648680154', '646094371'),
(1285, '648680154', '646440708'),
(1286, '648680154', '646952879'),
(1287, '648680154', '647471334'),
(1288, '648680154', '647496028'),
(1289, '648680154', '647511717'),
(1290, '648680154', '647956557'),
(1291, '648680154', '647985604'),
(1292, '648680154', '648016939'),
(1293, '648680154', '648305064'),
(1294, '648680154', '648416808'),
(1295, '648680154', '648665150'),
(1296, '648680154', '648916349'),
(1297, '648680154', '648980135'),
(1298, '648680154', '649025833'),
(1299, '648680154', '649705485'),
(1300, '648680154', '650105726'),
(1301, '648680154', '651005523'),
(1302, '648680154', '651095102'),
(1303, '648680154', '651310412'),
(1304, '648680154', '651530586'),
(1305, '648680154', '652540073'),
(1306, '648680154', '653477315'),
(1307, '648680154', '653558587'),
(1308, '648680154', '654455541'),
(1309, '648680154', '655114147'),
(1310, '648680154', '656308342'),
(1311, '648680154', '657434653'),
(1312, '648680154', '657934967'),
(1313, '648680154', '658218135'),
(1314, '648680154', '658815163'),
(1315, '648680154', '659127467'),
(1316, '648680154', '659619149'),
(1317, '648680154', '659716006'),
(1318, '648680154', '660150131'),
(1319, '648680154', '660256005'),
(1320, '648680154', '660972597'),
(1321, '648680154', '662343971'),
(1322, '648680154', '663125135'),
(1323, '648680154', '665188930'),
(1324, '648680154', '665195651'),
(1325, '648680154', '666281116'),
(1326, '648680154', '666498687'),
(1327, '648680154', '666645407'),
(1328, '648680154', '667115780'),
(1329, '648680154', '667340721'),
(1330, '648680154', '667370650'),
(1331, '648680154', '667800135'),
(1332, '648680154', '667910293'),
(1333, '648680154', '668040862'),
(1334, '648680154', '668421606'),
(1335, '648680154', '668535071'),
(1336, '648680154', '668600057'),
(1337, '648680154', '668745369'),
(1338, '648680154', '668915400'),
(1339, '648680154', '668950330'),
(1340, '648680154', '669595415'),
(1341, '648680154', '670481437'),
(1342, '648680154', '670882782'),
(1343, '648680154', '671549815'),
(1344, '648680154', '672227692'),
(1345, '648680154', '673287815'),
(1346, '648680154', '674622418'),
(1347, '648680154', '675854212'),
(1348, '648680154', '675988498'),
(1349, '648680154', '676255034'),
(1350, '648680154', '676352041'),
(1351, '648680154', '676647557'),
(1352, '648680154', '676805391'),
(1353, '648680154', '677426632'),
(1354, '648680154', '677690576'),
(1355, '648680154', '677725363'),
(1356, '648680154', '678155623'),
(1357, '648680154', '678955362'),
(1358, '648680154', '679820246'),
(1359, '648680154', '680210640'),
(1360, '648680154', '680315310'),
(1361, '648680154', '681050898'),
(1362, '648680154', '681290296'),
(1363, '648680154', '681506477'),
(1364, '648680154', '682636395'),
(1365, '648680154', '682680483'),
(1366, '648680154', '682961473'),
(1367, '648680154', '683445505'),
(1368, '648680154', '684136581'),
(1369, '648680154', '684152663'),
(1370, '648680154', '685229558'),
(1371, '648680154', '686930464'),
(1372, '648680154', '687685055'),
(1373, '648680154', '687708224'),
(1374, '648680154', '687770359'),
(1375, '648680154', '688300026'),
(1376, '648680154', '688538937'),
(1377, '648680154', '689070112'),
(1378, '648680154', '689090243'),
(1379, '648680154', '689580545'),
(1380, '648680154', '689650864'),
(1381, '648680154', '690426900'),
(1382, '648680154', '690831180'),
(1383, '648680154', '690938317'),
(1384, '648680154', '691556921'),
(1385, '648680154', '692154011'),
(1386, '648680154', '692847025'),
(1387, '648680154', '693201368'),
(1388, '648680154', '693263206'),
(1389, '648680154', '693610421'),
(1390, '648680154', '694120116'),
(1391, '648680154', '694682654'),
(1392, '648680154', '694800454'),
(1393, '648680154', '695290467'),
(1394, '648680154', '695610062'),
(1395, '648680154', '696390785'),
(1396, '648680154', '696437328'),
(1397, '648680154', '696571217'),
(1398, '648680154', '696663336'),
(1399, '648680154', '697841236'),
(1400, '648680154', '698438291'),
(1401, '648680154', '698953608'),
(1402, '648680154', '698982042'),
(1403, '648680154', '699146225'),
(1404, '648680154', '699385056'),
(1405, '648680154', '699460166'),
(1406, '648680154', '699460881'),
(1407, '648680154', '699696813'),
(1408, '648680154', '700286688'),
(1409, '648680154', '701124092'),
(1410, '648680154', '701497623'),
(1411, '648680154', '701990286'),
(1412, '648680154', '703144545'),
(1413, '648680154', '703339706'),
(1414, '648680154', '703344703'),
(1415, '648680154', '703511042'),
(1416, '648680154', '703832498'),
(1417, '648680154', '704268512'),
(1418, '648680154', '704304360'),
(1419, '648680154', '705515228'),
(1420, '648680154', '705518173'),
(1421, '648680154', '706231470'),
(1422, '648680154', '706943794'),
(1423, '648680154', '707254325'),
(1424, '648680154', '707536144'),
(1425, '648680154', '707662221'),
(1426, '648680154', '707995276'),
(1427, '648680154', '708305471'),
(1428, '648680154', '708404326'),
(1429, '648680154', '709050065'),
(1430, '648680154', '710035789'),
(1431, '648680154', '710575716'),
(1432, '648680154', '710714740'),
(1433, '648680154', '710840127'),
(1434, '648680154', '712507906'),
(1435, '648680154', '713340190'),
(1436, '648680154', '714057460'),
(1437, '648680154', '714390322'),
(1438, '648680154', '715095054'),
(1439, '648680154', '715315383'),
(1440, '648680154', '716670415'),
(1441, '648680154', '716722781'),
(1442, '648680154', '717912357'),
(1443, '648680154', '718627103'),
(1444, '648680154', '719445074'),
(1445, '648680154', '719635704'),
(1446, '648680154', '720035536'),
(1447, '648680154', '720673322'),
(1448, '648680154', '720860857'),
(1449, '648680154', '721382666'),
(1450, '648680154', '721485286'),
(1451, '648680154', '721700472'),
(1452, '648680154', '721926461'),
(1453, '648680154', '722752134'),
(1454, '648680154', '722996909'),
(1455, '648680154', '723230427'),
(1456, '648680154', '723381123'),
(1457, '648680154', '723538159'),
(1458, '648680154', '724383713'),
(1459, '648680154', '725060612'),
(1460, '648680154', '726670331'),
(1461, '648680154', '727475036'),
(1462, '648680154', '727555721'),
(1463, '648680154', '727949257'),
(1464, '648680154', '727999461'),
(1465, '648680154', '728127194'),
(1466, '648680154', '728210820'),
(1467, '648680154', '728703175'),
(1468, '648680154', '728832920'),
(1469, '648680154', '729815672'),
(1470, '648680154', '730300571'),
(1471, '648680154', '730816027'),
(1472, '648680154', '732191630'),
(1473, '648680154', '733001891'),
(1474, '648680154', '733120178'),
(1475, '648680154', '734087889'),
(1476, '648680154', '734140259'),
(1477, '648680154', '734660922'),
(1478, '648680154', '735139984'),
(1479, '648680154', '735257096'),
(1480, '648680154', '736300275'),
(1481, '648680154', '736807039'),
(1482, '648680154', '737517551'),
(1483, '648680154', '737654873'),
(1484, '648680154', '737913763'),
(1485, '648680154', '738620243'),
(1486, '648680154', '739071354'),
(1487, '648680154', '739075513'),
(1488, '648680154', '740676350'),
(1489, '648680154', '741260790'),
(1490, '648680154', '741900631'),
(1491, '648680154', '742605555'),
(1492, '648680154', '743771135'),
(1493, '648680154', '743848847'),
(1494, '648680154', '743996283'),
(1495, '648680154', '744610760'),
(1496, '648680154', '744612666'),
(1497, '648680154', '746170785'),
(1498, '648680154', '746230518'),
(1499, '648680154', '746422801'),
(1500, '648680154', '746957456'),
(1501, '648680154', '747436577'),
(1502, '648680154', '747568865'),
(1503, '648680154', '748413011'),
(1504, '648680154', '748580143'),
(1505, '648680154', '751621322');
INSERT INTO `user_friend_fb` (`USER_FB_ID`, `USER_ID`, `USER_FR_FB_ID`) VALUES
(1506, '648680154', '755155290'),
(1507, '648680154', '755330226'),
(1508, '648680154', '756225206'),
(1509, '648680154', '756671521'),
(1510, '648680154', '756828933'),
(1511, '648680154', '757035622'),
(1512, '648680154', '757820631'),
(1513, '648680154', '757907807'),
(1514, '648680154', '758285297'),
(1515, '648680154', '759623193'),
(1516, '648680154', '760670110'),
(1517, '648680154', '761030191'),
(1518, '648680154', '761344920'),
(1519, '648680154', '763688733'),
(1520, '648680154', '766250634'),
(1521, '648680154', '766572589'),
(1522, '648680154', '767794523'),
(1523, '648680154', '769085025'),
(1524, '648680154', '770430301'),
(1525, '648680154', '771499320'),
(1526, '648680154', '773304746'),
(1527, '648680154', '773345065'),
(1528, '648680154', '774854047'),
(1529, '648680154', '778548347'),
(1530, '648680154', '779288312'),
(1531, '648680154', '779669641'),
(1532, '648680154', '780259154'),
(1533, '648680154', '781271718'),
(1534, '648680154', '785230262'),
(1535, '648680154', '786175124'),
(1536, '648680154', '787615477'),
(1537, '648680154', '788929364'),
(1538, '648680154', '789255005'),
(1539, '648680154', '789899812'),
(1540, '648680154', '790278117'),
(1541, '648680154', '790772857'),
(1542, '648680154', '795735237'),
(1543, '648680154', '800930056'),
(1544, '648680154', '807043834'),
(1545, '648680154', '810185261'),
(1546, '648680154', '811350301'),
(1547, '648680154', '811625313'),
(1548, '648680154', '812090452'),
(1549, '648680154', '812109707'),
(1550, '648680154', '812170466'),
(1551, '648680154', '812205106'),
(1552, '648680154', '812364235'),
(1553, '648680154', '812455386'),
(1554, '648680154', '812770301'),
(1555, '648680154', '813125353'),
(1556, '648680154', '815110007'),
(1557, '648680154', '816820555'),
(1558, '648680154', '820340243'),
(1559, '648680154', '821170273'),
(1560, '648680154', '821230345'),
(1561, '648680154', '823648119'),
(1562, '648680154', '825550634'),
(1563, '648680154', '825840022'),
(1564, '648680154', '830289815'),
(1565, '648680154', '833430412'),
(1566, '648680154', '837109546'),
(1567, '648680154', '837125227'),
(1568, '648680154', '838000057'),
(1569, '648680154', '838649055'),
(1570, '648680154', '839625622'),
(1571, '648680154', '842545023'),
(1572, '648680154', '843855513'),
(1573, '648680154', '848030106'),
(1574, '648680154', '852480110'),
(1575, '648680154', '854665614'),
(1576, '648680154', '855615520'),
(1577, '648680154', '858945222'),
(1578, '648680154', '870765060'),
(1579, '648680154', '872240569'),
(1580, '648680154', '872280715'),
(1581, '648680154', '873335334'),
(1582, '648680154', '874480200'),
(1583, '648680154', '877965528'),
(1584, '648680154', '879245270'),
(1585, '648680154', '881820073'),
(1586, '648680154', '883565042'),
(1587, '648680154', '890035561'),
(1588, '648680154', '890975724'),
(1589, '648680154', '894130056'),
(1590, '648680154', '894450122'),
(1591, '648680154', '897290586'),
(1592, '648680154', '897340600'),
(1593, '648680154', '899240299'),
(1594, '648680154', '899265230'),
(1595, '648680154', '899880572'),
(1596, '648680154', '905785461'),
(1597, '648680154', '1003080089'),
(1598, '648680154', '1009768637'),
(1599, '648680154', '1011485839'),
(1600, '648680154', '1013303064'),
(1601, '648680154', '1016002731'),
(1602, '648680154', '1018736369'),
(1603, '648680154', '1023296888'),
(1604, '648680154', '1023336228'),
(1605, '648680154', '1034392793'),
(1606, '648680154', '1064902873'),
(1607, '648680154', '1069763963'),
(1608, '648680154', '1070175612'),
(1609, '648680154', '1077304024'),
(1610, '648680154', '1078958111'),
(1611, '648680154', '1089481395'),
(1612, '648680154', '1089979304'),
(1613, '648680154', '1093824568'),
(1614, '648680154', '1094261365'),
(1615, '648680154', '1111391754'),
(1616, '648680154', '1124827445'),
(1617, '648680154', '1129597462'),
(1618, '648680154', '1130572070'),
(1619, '648680154', '1132762993'),
(1620, '648680154', '1132905623'),
(1621, '648680154', '1143289229'),
(1622, '648680154', '1149156010'),
(1623, '648680154', '1153110682'),
(1624, '648680154', '1161648130'),
(1625, '648680154', '1162921387'),
(1626, '648680154', '1174117669'),
(1627, '648680154', '1175394506'),
(1628, '648680154', '1181715569'),
(1629, '648680154', '1186563241'),
(1630, '648680154', '1191864593'),
(1631, '648680154', '1193411299'),
(1632, '648680154', '1203589682'),
(1633, '648680154', '1205674729'),
(1634, '648680154', '1207450971'),
(1635, '648680154', '1220582841'),
(1636, '648680154', '1224665246'),
(1637, '648680154', '1231353923'),
(1638, '648680154', '1245721623'),
(1639, '648680154', '1245933798'),
(1640, '648680154', '1264863520'),
(1641, '648680154', '1269006158'),
(1642, '648680154', '1269414384'),
(1643, '648680154', '1274916256'),
(1644, '648680154', '1280770670'),
(1645, '648680154', '1283776807'),
(1646, '648680154', '1285360480'),
(1647, '648680154', '1290265477'),
(1648, '648680154', '1297042414'),
(1649, '648680154', '1310762444'),
(1650, '648680154', '1310772979'),
(1651, '648680154', '1313981116'),
(1652, '648680154', '1323675550'),
(1653, '648680154', '1330661294'),
(1654, '648680154', '1335240583'),
(1655, '648680154', '1342151005'),
(1656, '648680154', '1348197953'),
(1657, '648680154', '1354162254'),
(1658, '648680154', '1365213366'),
(1659, '648680154', '1372755088'),
(1660, '648680154', '1379741553'),
(1661, '648680154', '1389064515'),
(1662, '648680154', '1390564780'),
(1663, '648680154', '1405595001'),
(1664, '648680154', '1411982858'),
(1665, '648680154', '1433610173'),
(1666, '648680154', '1438435350'),
(1667, '648680154', '1442344579'),
(1668, '648680154', '1453190238'),
(1669, '648680154', '1468429804'),
(1670, '648680154', '1474216478'),
(1671, '648680154', '1522985472'),
(1672, '648680154', '1533355458'),
(1673, '648680154', '1538103906'),
(1674, '648680154', '1547966274'),
(1675, '648680154', '1551856810'),
(1676, '648680154', '1579675234'),
(1677, '648680154', '1580461051'),
(1678, '648680154', '1581682774'),
(1679, '648680154', '1585399069'),
(1680, '648680154', '1609155534'),
(1681, '648680154', '1614767535'),
(1682, '648680154', '1641660243'),
(1683, '648680154', '1643606920'),
(1684, '648680154', '1646241383'),
(1685, '648680154', '1655443243'),
(1686, '648680154', '1672659067'),
(1687, '648680154', '1725857175'),
(1688, '648680154', '100000095243348'),
(1689, '648680154', '100000137021165'),
(1690, '648680154', '100000149035038'),
(1691, '648680154', '100000155388028'),
(1692, '648680154', '100000196105815'),
(1693, '648680154', '100000204194487'),
(1694, '648680154', '100000204577243'),
(1695, '648680154', '100000227783863'),
(1696, '648680154', '100000236024317'),
(1697, '648680154', '100000272160724'),
(1698, '648680154', '100000284148668'),
(1699, '648680154', '100000291741085'),
(1700, '648680154', '100000329384906'),
(1701, '648680154', '100000330544606'),
(1702, '648680154', '100000347284450'),
(1703, '648680154', '100000357649179'),
(1704, '648680154', '100000377057072'),
(1705, '648680154', '100000379808121'),
(1706, '648680154', '100000413215718'),
(1707, '648680154', '100000432017937'),
(1708, '648680154', '100000435669268'),
(1709, '648680154', '100000487504354'),
(1710, '648680154', '100000498298028'),
(1711, '648680154', '100000526446693'),
(1712, '648680154', '100000541055208'),
(1713, '648680154', '100000559827523'),
(1714, '648680154', '100000570226162'),
(1715, '648680154', '100000625087773'),
(1716, '648680154', '100000629992610'),
(1717, '648680154', '100000660130895'),
(1718, '648680154', '100000761651594'),
(1719, '648680154', '100000772154071'),
(1720, '648680154', '100000929791432'),
(1721, '648680154', '100000937907968'),
(1722, '648680154', '100000950575795'),
(1723, '648680154', '100001120432221'),
(1724, '648680154', '100001412388610'),
(1725, '648680154', '100001429816821'),
(1726, '648680154', '100001455528567'),
(1727, '648680154', '100001632461649'),
(1728, '648680154', '100001639203557'),
(1729, '100000485250711', '1491305592'),
(1730, '100000485250711', '1788534184'),
(1731, '100000485250711', '100001068669995');

-- --------------------------------------------------------

--
-- Table structure for table `user_friend_tw`
--

CREATE TABLE IF NOT EXISTS `user_friend_tw` (
  `USER_TW_ID` int(11) NOT NULL AUTO_INCREMENT,
  `USER_ID` int(11) NOT NULL,
  `USER_FR_TW_ID` varchar(200) NOT NULL,
  PRIMARY KEY (`USER_TW_ID`)
) ENGINE=MyISAM DEFAULT CHARSET=latin1 AUTO_INCREMENT=1 ;

--
-- Dumping data for table `user_friend_tw`
--

